x1,x2,x3,x4,x5,x6,y
-0.7130464727260277,0.785372620626475,0.7320184165302724,-0.41349486863501383,0.9907121076306424,0.29429157116856597,0.25388796554829574
-0.46133918029269405,-1.0,-0.28854770880704167,-0.35134129212192056,-0.2337057031723644,-0.10944319735078167,-0.48342555774469315
0.8341061754073906,-0.13167059879561405,-1.0,-0.4492671903015123,0.3080595240226047,0.6444846388564751,-0.47383815354437075
1.0,0.11950708402862786,1.0,1.0,0.8910572403787071,0.09761042643641486,-5.46911705648639
-0.9157957022370509,-0.12818835587588928,-0.7903939222511083,0.47429816637391875,1.0,0.10735471437164229,0.8394758611252702
0.9218761017630519,1.0,0.7021348171290163,0.07805866769768399,-0.38463609439942964,1.0,1.1517914961450892
-0.6818043796655433,-0.40001948129917,-1.0,0.2661039731668711,-0.600076546516424,-0.28701905314303855,-1.9589443813600707
-1.0,0.16575240981607764,-1.0,-0.971336674504924,-0.25592171446228906,-0.47084316227251016,-0.8642639877030831
-0.964022238021647,-1.0,-0.13829343326525645,0.10685921908014606,-1.0,-0.633614174033895,-1.4596808300863513
-0.4013881657294378,-0.657026035696538,0.14808833286473988,-0.747426937328866,0.5983261098635615,0.2193936930810953,0.9538105438372022
0.24039429311581673,0.25903197783407156,-1.0,-0.5700704301287517,-0.6802695409826166,0.5132912788300198,1.622880920181272
-1.0,-0.1987360653980057,-1.0,-1.0,1.0,1.0,8.357700972463178
-0.2083956259214863,1.0,-0.44756790312575845,0.8430705786720815,-1.0,-1.0,3.8886964529955264
-0.9895260143553977,-0.6694245793024978,-1.0,-0.07179580319692236,-0.7776623052386784,-1.0,2.1261292233945253
-0.47356229687512863,-0.04757900493233458,0.21823409437261923,0.4314886773734917,-1.0,-1.0,1.2210860664339074
-1.0,-1.0,-1.0,-0.8438865895077852,-1.0,-1.0,4.285896617752992
-0.9161005052978937,-1.0,1.0,-0.4142548321896245,-1.0,-0.42926258877392587,2.1070782735003695
0.5933606482517078,0.8003621905908305,-0.5202366924684199,-0.17118090793912927,1.0,1.0,4.558833663451325
0.01216699213119421,-0.4571430909338517,-0.2602687932782801,0.3230509901015275,0.45083267897778423,0.5364108709070734,0.7041193904884064
-0.1516702865505678,-0.9305848182567908,-0.12260891326386747,-1.0,0.20573013496948223,0.38361270841403183,-1.7751615327838692
-0.5733633994708895,-0.6904333044735923,-0.6066817642049406,-0.5771152051190066,-0.6099628196328933,0.44789485420764175,-0.914898007904765
-0.08764875402647365,-1.0,-0.4604507437751193,-1.0,-0.07692622359171075,-1.0,4.285535795193744
0.11477448777864041,0.37679739822462555,1.0,1.0,0.1557532939573849,1.0,-2.6455177842158877
-1.0,-1.0,-0.6269996060011815,-0.619320410585432,0.08353678639728546,-0.8529935624876306,1.985768106863818
-0.4067994352783013,-1.0,0.08027783231925223,-0.7869049332355774,-1.0,1.0,3.8509949186992634
-0.35515089597176064,0.07741904679193723,-0.29559049931255066,-0.36953024556519404,1.0,1.0,5.805507596035215
1.0,-0.595869596372699,0.4897005182894556,0.012085081867138275,0.5366105592121978,1.0,-0.9771335346683852
0.6615236721402257,-0.9472040675960972,0.9813291470135589,0.07975061119244858,-0.7675258775313091,0.47714579984947214,2.824953598214698
0.6262585292466951,0.3869356880867231,-0.8634411601439945,0.006977279988733431,0.4811698752339866,1.0,3.0894038713937144
0.07135174595332328,-0.6387561614644376,-0.20780946649662435,0.1722093505471427,0.3431395646255508,-0.079658976397034,-0.061329485290724337
-0.6637953033694068,0.31072842728581745,0.477061687083415,1.0,1.0,0.8077615408689215,2.710023043039542
0.04082641030577605,0.6771101693708015,-0.2609750987448156,1.0,-1.0,-0.4366957635954659,1.979817031974573
-0.8221163831101788,-0.8408503447647427,0.12254542571147775,-0.6544938319541284,0.19702855674181263,-1.0,5.533286976633458
0.2216990843975919,-0.07381381358883754,1.0,0.9321628747448678,0.0913042867745919,-1.0,0.22505226484149066
1.0,1.0,-0.5810512581671103,0.20602677258009106,-0.0008069387877274181,1.0,4.700083300401599
0.5117520603015313,1.0,1.0,1.0,-0.7267635445817902,-0.9871697607531089,3.128116778996432
-0.7100363825079954,1.0,0.4682289417751957,-0.337033994868313,0.20311514939134329,0.126856607546555,-1.2280994793517677
0.2634049940114003,-0.4033193316315903,-0.996496657807884,-1.0,-0.21574964805902752,-0.5766220758182714,0.6228795039310321
0.5759123818275865,0.6015167197219362,-0.511150630067581,-1.0,0.5847195593165131,-0.44545843615251857,-0.5885771604502068
0.20667831049405988,-1.0,-0.5586893972597466,0.31262762058063676,-1.0,-0.3722236459776138,-0.05084497208788069
0.21003502928995132,-0.4105674603484039,-0.4121378557083309,1.0,-0.016411755206986928,0.07634604482258145,-0.7568486479500691
1.0,-0.15156909450665523,0.8726535320672015,0.6021892748831446,0.39551681094267843,0.765246051304328,-2.9294236651329157
0.05829040399104657,1.0,0.5536992454827943,0.5280455699736528,0.4900664918793666,0.3093046196751231,-2.132299932134157
-0.04676317653077677,-1.0,-0.9848119828368742,-0.5873860844661892,-0.5772271279762913,-0.29615155606292554,-1.276092310345193
1.0,0.9457498210337032,0.471261413767895,0.789227208069794,0.5057787359551135,0.42579116284058527,-3.556396229160309
-0.5565012720985877,0.10246340729598832,1.0,-1.0,-1.0,-1.0,-2.197227347620844
-1.0,-1.0,-0.43616873625934305,-0.28345905657537696,-0.22680398860843298,-0.6627465002329953,-0.5510680200841674
-0.5969091195533455,-0.6303056632224067,-1.0,-0.5194305246293014,-0.35715440978453694,0.7232458549704616,1.031609178723059
0.25539903569828404,0.7821883933143889,0.9873226138114279,0.24036265677440505,-0.6215433332940998,-1.0,0.41899427033544534
-1.0,-1.0,-1.0,-1.0,-0.4426310173617197,1.0,-1.1985656425206301
0.8986164213597744,-1.0,0.8530854561783902,-1.0,-0.225741030907757,0.49879043800860656,2.525700543856002
-0.7961635683598406,-0.6759487822197159,0.5475722409956945,-0.24782552790104712,-1.0,-1.0,1.0752219310761444
0.07195946891072724,-1.0,0.2685565475138613,0.20753901022539,0.9415368488107791,0.7578142664658629,1.5942055428677424
1.0,1.0,0.5939367631162484,-1.0,0.7175577194604499,0.3241984785440827,-0.9886473293305259
0.9453400566200887,0.8321657488851497,0.12220223143202169,1.0,1.0,1.0,0.7900296631019623
-0.18674997912358104,-1.0,-0.6652702224872761,-0.2153240739439437,0.8320482187825688,-0.3305361146577134,-1.1991739417725318
0.8584734619903599,1.0,0.16223659563672843,1.0,1.0,1.0,-0.4557066279910904
-0.29771069019753427,0.12160791310320673,-0.01808716004642963,-0.07088084412218049,-0.9575270056750449,-0.8083938788553828,0.13792365076708088
0.283958543561018,-0.5626160331223203,0.8237034707785844,-0.3660232854085461,0.3253574093471019,1.0,-1.4258298340923006
1.0,1.0,-1.0,0.9223300406432825,0.3255864897840176,0.8791146605502111,2.0341168836005203
-1.0,0.2486672960559681,0.3907650030001953,-1.0,0.668549451083398,1.0,3.6116475625964517
0.6694393231476863,1.0,1.0,1.0,0.46985006223436665,-0.4590314125334105,-4.287103654073695
0.45997175984818517,1.0,0.21892112992611168,1.0,-0.6702633861934837,-1.0,6.87501897004666
-0.9460669646302833,-1.0,0.3588661459295762,-0.7714893585437648,-0.9780246340485417,-0.39844861600602255,2.9554887148660085
-1.0,-1.0,-0.03617998286352497,-0.47570703404858317,-0.21504924015699034,-0.8205642555063505,3.017412985638748
0.3677147556985954,-0.08499813152515692,0.47725308279171147,-1.0,-1.0,-0.6504926035995018,4.131857650021496
0.8286069467672599,0.22277618848971548,-0.7006632848614938,-0.5271187916213158,-0.35371340907981796,0.5339277178995582,2.2754956122191192
1.0,1.0,0.15745212630281724,1.0,0.18628436004974658,1.0,1.3255730660587992
0.3956297753590629,0.48316306473533743,-0.9377287465943241,-1.0,1.0,-0.2717420734752161,-0.5104281421090524
-0.22771239573781737,-0.9368324394506253,-0.5140591034442754,-1.0,-0.11308341803359856,-0.14948055954125924,-1.3352927074189593
0.4488913944588781,0.018137737987009874,1.0,-0.05031063265308011,0.5558232723915839,0.09903632927977635,-1.2825776318554902
-0.03427458755190824,0.5831519920794759,-0.49582740328980135,-1.0,-0.4911030337270466,1.0,6.647127452360691
-0.7062918291589888,-0.08529430423379103,-0.07413966648226833,0.35690407562846177,0.896131674403652,-0.6076009077713413,2.817515695344588
-0.6324464209494407,-0.25245706767184883,1.0,-0.8265419928748486,-0.06789665497014408,0.47638240945673294,-2.5349555361853313
-0.04486922438391411,0.3941691766402937,0.35678241517129683,1.0,0.5017789304475604,1.0,2.6396962595653304
0.22511988209039605,-1.0,-0.2307357439841492,-0.8136478162261908,1.0,-0.8198834138861864,3.981633295754204
1.0,0.18155805286534976,0.7762704692904185,-0.3367374114624735,-0.4161800944188029,-0.8894350535984709,4.6229871420304
0.25787907906472113,-0.3505356089313436,-0.985569055385949,-0.20311177330043967,0.07549923362041439,-1.0,3.2423438244897453
-0.46611245490734765,-1.0,-0.9171889933538293,0.8037562926882648,1.0,0.6604227752551519,-0.5158323784767856
-1.0,-1.0,-0.8505141787327568,-1.0,-0.4150818320828875,1.0,-1.840926234496881
-0.12916263609649853,-0.25055718890409,0.003073754721053354,0.12837687357449012,-1.0,-0.08372914668465414,-0.06140003142268638
-1.0,-0.5428148748137498,-1.0,-0.6477192765015326,0.5592496652406693,1.0,5.230357462722779
1.0,0.6917847315643881,-0.8706166065344162,1.0,0.8127450133395491,0.38229861115921704,-1.8835241674867613
0.012825085147841975,1.0,0.9456363447110763,1.0,0.17193777439074087,-1.0,-0.8591600698513928
-1.0,-0.5682404396257963,-1.0,-0.3697372650468107,1.0,0.1493615109029216,-2.16833229652604
-0.30632496500058204,-0.4918105114015019,0.31924603881014435,0.6398223656068094,-0.16280773214300215,0.14173605806119816,0.431029367924494
0.0706161772561984,1.0,0.49762210102477034,0.5587099529266113,0.23552380155551567,1.0,1.1640138214946805
-1.0,-0.27070542915846363,-0.07017445206138073,0.4908564238464807,0.7731198707281172,0.15796823788702485,1.5828215795422833
-1.0,-1.0,-1.0,-1.0,-1.0,-1.0,5.051003814196922
0.5298295103947386,1.0,0.261764874766407,0.6994899311794036,1.0,1.0,1.1541385150075154
-0.978826300027327,-0.7725565634551843,-0.5228001814240386,-0.3431889036909154,0.855242508899277,1.0,3.520163421793962
-1.0,-0.2815634224152048,-1.0,-0.056114848669908346,1.0,0.05518825727111021,-1.8911137825498614
0.17951169532630432,-1.0,-1.0,-0.09551091240618614,-1.0,-0.9747785020372548,2.233830950336257
-0.35551249567597165,-0.1638358688782915,-1.0,0.2133461544737401,0.9946689721152016,0.8551362657226225,5.791572476490958
1.0,-0.2043358697627019,-0.2956123042876051,0.06052881317555908,1.0,-0.19950846002447148,-3.2393878230769264
-0.137683373419073,-1.0,-0.7946969751418517,-1.0,0.027449114558005583,-0.5058921663136235,-2.019869318023261
-0.4693002526382757,-1.0,0.7979114395382441,-1.0,-0.5611723648196907,-0.6330902942927399,5.317281260542263
-1.0,0.1461976987384826,1.0,-0.6333868780760078,1.0,0.7063856629333638,-1.4446164377118325
-1.0,-0.7763531137238582,-1.0,-1.0,-0.1584851290905368,0.5591484659113611,-4.13173261824472
0.06956743205409865,0.8177385964597663,1.0,-0.5893605233599668,0.5631972499518454,1.0,-1.4805500150814805
-0.37387740120384094,-1.0,-0.9015772097151942,0.37538021499031077,-0.9628565466670185,0.2312592470917952,-3.502097926461112
-1.0,-1.0,-0.011634034838927554,-0.673512137167364,-0.27356358631357924,-0.6371282738198043,2.6269796298918573
0.22401172281026605,-1.0,0.9954758933539719,-0.8654819386261108,-0.2987615465251636,-1.0,8.18641202276555
-0.49968246220177714,1.0,0.44049686329995236,0.4517998632414691,0.5026460832824771,0.6955946886130613,0.5609893572391456
-0.16327982921539408,-0.5314206205684185,1.0,-0.4711323703358468,-0.7902271901671873,-0.9753226715537932,2.0457675409239986
1.0,0.6642110341879321,1.0,1.0,-0.8500289360528139,1.0,1.2593500507569175
0.001971041967810949,-0.09093231997313667,-1.0,-0.4758882783667259,-1.0,-0.4987111592410637,-0.9466761586496508
0.1957013433974475,0.6242022817635504,0.5536181202400408,0.2821475212578819,0.08317530500845592,0.7360314873449965,-0.04469910147150524
0.32046267700367115,1.0,0.6154568377340452,-0.28805708581566086,-1.0,-0.8085320904643238,-0.6961836306132174
1.0,1.0,-0.3932877117433343,0.10015432434379512,0.8861436344848993,-0.8977320897447691,0.08780352603399721
-0.17002345238384078,0.3137874655207644,-0.1088052027823102,1.0,-0.5331571082820156,-0.6875704533084341,1.6313099649536607
1.0,1.0,0.667770007530211,1.0,0.34145978453778236,0.05989921671649545,-2.5875914328174665
-0.603321376412936,-1.0,-1.0,0.612874008666904,-1.0,-1.0,-2.3710760616597577
-1.0,-0.3804585234926819,0.20844766036757345,0.22073907342055393,-0.45082668897493905,0.654886893786692,-1.9711193167398
-0.0058537780832389474,-0.06548352934185953,0.2003638792626985,0.05459058598472449,-0.9487251009060091,-1.0,2.2368148372868646
0.3489895397614281,1.0,0.4791709651253389,-0.24539560327197363,-1.0,0.5548153432444789,1.238968357260641
0.11632890214621461,-0.2347538441384397,1.0,0.3877270609078165,-0.9339269721072301,-0.6345893192176206,1.0452687578994053
1.0,-1.0,0.20521512178763512,0.2443892856909357,-0.5145750417952115,1.0,4.82004871539193
-0.26578881664022785,0.5422724284187215,-0.09557635481478527,0.975239154292739,-1.0,-1.0,2.5942757319821204
0.23849999040140035,1.0,1.0,1.0,-0.7103455126210971,-1.0,2.445118027632308
0.42967917456895377,0.6341226673789235,0.5214784103534696,-1.0,0.26290403943544866,-1.0,1.1958586478180122
0.09141753628942656,-0.24249459586386196,-0.4164140041266975,-0.8851431814714643,-0.3896372878837506,-0.6359690349001993,1.336474304212654
-0.26889965402519844,-0.016706054999087616,-1.0,-1.0,-0.34241476878078636,0.3465741313438057,-0.3318756711121677
0.8791500110047072,-0.2750244830230538,-1.0,0.23557063466308859,-0.040924659657424645,-0.15835242309716224,1.167239509429286
-0.398427809135577,-0.9910511249030679,-1.0,-0.48955958211967077,0.4171787301468829,-0.6776442671779788,-0.3578196227563074
0.5073742575601594,-1.0,0.5594685408680184,-1.0,-1.0,-0.3115899266698696,9.693998311253548
-1.0,-1.0,-0.9493034680603587,-0.9733914143986979,0.6978831497375466,1.0,-1.80330591519375
-1.0,0.17168650369215221,-0.13503795083605685,-0.21751578575672115,0.8112547191942966,-0.4922899356260184,3.011224404000398
-0.2603435370197437,1.0,-1.0,1.0,-1.0,0.8630753200123121,7.483582789243499
0.6421919158700242,1.0,0.2466305808258462,1.0,0.7174243932509007,-0.7606709770055519,0.12066378799601635
0.8491827711826013,0.8022650597975762,1.0,1.0,-1.0,-0.19750666018971894,4.513819882215794
-0.7123107233452068,-0.6945127420747635,-0.48530805930842597,-0.8537941569934462,-0.3664690671045594,-1.0,3.858610337521718
-0.795835165235796,-1.0,0.47717622484769173,-0.7778924255017978,0.0314051977125146,0.7217550894003381,-3.0134751779595863
-0.733330540439537,-1.0,0.978004435674966,0.22487265492706915,-0.4553491783845742,-1.0,4.884746179887915
0.3615184698882171,0.4056848869685392,-0.2728782424992643,-0.5229405545735502,0.4991717803460186,-1.0,0.3892794538417764
-0.7082528235846216,0.6537408025013143,0.7964921686523483,-0.15175305062869332,-1.0,-0.7131368542511709,-3.4736518489172608
-0.38296092261716735,-1.0,0.3871846639631832,0.4972636385525056,0.630993474615277,1.0,3.0798179749216112
-0.22857010217512164,-0.31116043715122776,-0.16474806162712552,-1.0,0.530034894047153,1.0,2.9838582851049504
0.2527697160524315,1.0,-0.42118239733461676,0.6978010623440508,-0.029768170092626833,0.3497128956684722,1.6885360131699654
1.0,0.8419740690881286,1.0,0.8996899851740756,-0.6554927368202963,0.09058531107019159,1.9615672806146704
-1.0,-1.0,-0.5704819576556623,0.46588796456485965,0.957188929556944,0.39617515019009164,-0.7284838262643811
0.7215290707345602,-0.4172870480478097,1.0,0.2862950341434055,-0.027341981477320587,-0.9465690622634853,3.6381150411955905
1.0,0.875945105115747,-0.30710341703954963,1.0,-0.9149629950907493,-0.4824740989973333,7.070419163370882
-1.0,-1.0,-1.0,-0.332414065527626,-1.0,-1.0,1.0698371087736944
0.7721569319944196,-0.1465031862354289,-1.0,0.12499526875394201,-0.8821229600442176,-0.09624052964536828,3.207754082400749
-0.6251066638691742,-0.9790785353469666,-0.24385073861454443,-1.0,-1.0,-0.5393042305499954,5.031769974270102
0.8927513829992273,0.9770488919763922,0.7144649608550362,1.0,-0.6623525880353012,1.0,2.246676574427182
0.5651928096806748,-0.8277126217295613,-1.0,-0.817868325106345,0.28125337934207206,-0.8744399762465301,0.9145531420057267
-0.4478059832419626,-0.7488578280464133,-0.6017060439564865,-0.33637945279633497,1.0,0.8052759944206966,3.3644064047146047
-1.0,0.21927828823443551,-0.6382073414071239,-0.2629220728340812,-1.0,-0.6948450418040502,-2.680462099139173
1.0,1.0,0.8264931955371311,0.44342741960925225,0.3616524979531054,0.39628692143280997,-4.112160887889764
1.0,0.33028417463320237,0.1558291600721886,1.0,0.15157158569792867,0.8661147435651331,1.7304008153915515
0.745760230561091,0.8319807761567122,0.44456077821896695,0.5574614529944373,-1.0,-1.0,6.988173022216648
-0.12447588613874028,-1.0,0.5286260944148913,-1.0,-0.31699289556746657,-1.0,7.855077285637026
-1.0,-0.17934172243788915,-1.0,-0.11113045870018567,0.7879056617150146,-0.07309717731637172,-0.8166714504057291
-0.1985745613840283,-1.0,-0.553676628851852,-0.960227500758946,-1.0,-1.0,6.000643167188127
-1.0,-0.07718081797475573,-1.0,-0.8901046444097616,1.0,-0.6668576302770275,1.623297166150136
1.0,0.7701251287707194,1.0,1.0,-0.7509510139398696,0.38938673624887576,1.3868270818184065
-0.8354659005753597,0.9090932271734781,-0.33336953050250595,0.41883089136839635,0.6798647046259902,-1.0,4.642156963793898
-0.43753288695222653,0.22754547960003424,0.5015581279724577,1.0,1.0,0.4281549474008076,1.374558020488249
-0.5638436233033561,-0.7535557336931707,-0.16648381023288972,0.21607665722941782,0.6456855037277316,0.5767061719742301,0.6219261444076944
1.0,0.11707972049415094,0.32718117218301357,1.0,-0.4865765503418741,-1.0,7.128962308347206
-0.8367742546860649,-1.0,-0.9164449188409625,-0.16165282126275582,-1.0,0.21030705752492018,-4.746440570994393
-0.08400740453972838,-0.6228142214949968,-1.0,-0.9272751908957901,0.8729105456062112,0.5176092044302614,-0.8641587457580002
-0.7780351785340585,-0.15037138513138626,-0.526589587806283,-0.6635016565320114,1.0,0.026007132458221394,2.5273283439507424
-0.7460112411874448,-0.8748001940611128,-1.0,0.037533228830706145,-0.23441427858930283,-0.851951552688414,1.9791353196223862
-1.0,-0.760267405195933,0.021206071508906077,-0.07574976549082796,0.630123566752526,1.0,2.9734902508474477
1.0,0.021044622365476995,0.8467271804973993,1.0,-0.2395434702242385,-0.09387684845834654,0.4169420438770943
-1.0,-1.0,-0.6334650140069085,-0.06279322744948801,0.4329691943243759,0.41531782757783886,-1.1196888989400988
-0.34106611843411383,0.8786389122448843,0.001324300695367056,0.2748200393182603,0.6000265593875278,1.0,4.344389790620287
-0.3083253467285785,-1.0,-0.33922833834230093,-1.0,0.4781126494537065,0.7666789046617448,-1.6944949014749628
-0.30579604506505087,-0.5410774710158441,-0.5261128789639895,-1.0,1.0,-0.09878254236848305,1.6449925365536655
-0.5473533228167785,0.12001882242964196,-0.8888500032125353,-0.7248294527227199,1.0,-0.3295708306155548,0.7076080916367823
-0.19977716826257308,-0.08470821771387715,-0.35749126104984885,-1.0,-0.9145527234901543,-0.5375238051561864,0.5717346443434792
-0.9356241360596316,-0.5411330048587937,-0.5794781537888238,-0.576916436509894,0.6295986374552165,-0.5048770914163987,1.8353288319984196
-0.37117910146244176,-0.02183815083334717,-0.5818283704578859,-0.09506655888774207,0.2730475842732415,-0.8815927239380974,1.9497763482283932
-0.4442695320035559,0.03396328062664808,1.0,1.0,-1.0,-0.9586075830293517,-0.39574787311140625
0.07662956459191969,1.0,0.17634384745568205,0.309573760777345,-0.5755064148953131,-1.0,2.2310343910538224
-0.8773617516901431,0.34598945946997284,-0.6256624422629288,-0.6334427296593497,-0.7842718403345713,1.0,4.433774496260402
1.0,-0.1568902137311754,-0.03833744757042401,0.12556280971103662,1.0,-0.0708619313253952,-3.396131146257823
1.0,1.0,0.6856082321265822,1.0,0.7239121147214459,0.11507562013444006,-4.764206431576407
0.3660631305177491,-0.15879746191256064,0.580918475443678,1.0,0.6566053801307876,1.0,1.0480726345385432
-0.4449426889358341,-0.31007450863934816,-0.5899535334337338,-0.18462483603449487,-0.5047350626158656,0.028445531736652818,-0.6443403554915003
0.03679656619188662,-0.8137458992025116,0.5888804834112332,0.8390443194565705,-0.5829378032453595,-0.18107522963763148,1.0695927636948948
0.2175639492453204,0.6657199041934481,0.3088515083711052,0.9087489075615662,-1.0,-1.0,4.183771339571462
1.0,-0.36306806183525453,1.0,0.48171474844176587,-0.06711447785814902,1.0,-1.4073252644130743
1.0,0.761109909251461,-1.0,-1.0,-0.009331755063714642,-1.0,1.2529232907432855
0.9162510548879872,-0.6339602087347,-0.49055751958600147,0.22647322926125452,0.16661269350933217,1.0,2.514661879545769
0.8241675536871309,0.9691241329527454,-0.6144131565547416,0.24381695494781053,-0.3718318796693558,-0.2697407986353836,2.2538473863334585
1.0,1.0,0.14141570968053374,0.7180238751227375,-0.8404373564569804,0.5083574833972015,3.301699645141459
1.0,0.8054106763173535,0.35147088301215623,0.929102271228787,-0.2932461021850673,-0.8366143995508434,6.737032768446851
1.0,0.4314903002063937,0.9565458198735333,0.07824181127143093,0.5904439795139149,-1.0,0.6303112553637584
-0.7978484205754126,-0.36616977265086964,-0.6894430172464672,0.035831739195499535,-0.583487927371805,-1.0,1.9346331061358424
-0.026236328829217337,0.9603956661602148,-0.23135531655838204,1.0,-0.7762791177257494,-0.04685843176938853,2.3677065159477424
1.0,0.5448150474109335,-1.0,-0.14782330307487856,1.0,1.0,1.2755704552297114
-0.0007821624023302554,0.8114821021285856,1.0,-0.2729676980412368,-0.2614113856758162,0.9101148017739882,-1.211532845933113
1.0,0.6727235418753221,1.0,-0.4155902039340323,-0.7112444768514696,-0.44079268121286885,2.4656508452965786
0.622505153240504,1.0,-0.1658400159975323,1.0,-1.0,-0.5280327328126668,5.8329135549981785
1.0,0.41715160065238477,0.7311544048227163,1.0,-0.5653180242664794,0.09149937172372158,1.2854537801753465
-0.7856815068036124,-1.0,-1.0,0.5308297162683144,-1.0,-1.0,-2.212191492492588
0.8334471223806954,1.0,0.48308674939329777,1.0,-1.0,0.09381597748565285,3.812302742432976
0.10019238972240163,0.0782379996794943,0.29332683711891316,1.0,-0.4442664494949941,-0.159515778879243,0.479343720172818
0.050107102055139574,1.0,1.0,1.0,0.9370108597392164,-1.0,-6.471019013271282
0.021543620503830296,0.7884249782267688,0.31992502371701154,-0.24939844496029456,-0.09301686886378124,0.4485002421595288,0.5321494834361753
-0.9715406848830248,-1.0,-1.0,-0.849953284576646,-0.7264933857134918,-1.0,3.2382314584809855
-1.0,0.41969409895387444,1.0,0.07077216575132667,0.13505945335287795,-0.1960156221303535,-0.3627774621655984
0.4000012432532981,-0.5184168807834397,-0.5141661900516243,-1.0,1.0,0.07184944888416767,-1.2115220777163995
-1.0,-0.10585304301161624,-1.0,-0.3532849281843857,-0.33618427417724883,0.1215239631969458,-0.9562337770635756
1.0,0.3604834769943671,-0.5107795325469262,0.646033246986754,0.9363201278576956,0.582462383533296,-2.106469391270798
-0.34104251258285967,0.7490903968867715,-1.0,0.8357515570216408,0.10287069992916953,1.0,7.613864004594891
1.0,-0.07703051833499552,0.21079988059703358,0.09503228647231077,-0.3604078392379634,0.3634805685169171,1.39549979284599
-1.0,-0.3841153303577226,-0.683278777895937,0.7905229959115262,1.0,-0.3975712966185553,1.2042424888699363
0.8338246137733412,0.618878681063314,0.5606517834419282,0.7516081736074653,0.027301693504191094,-0.33984602659820773,0.14730912133353274
0.41293205701630087,0.9984873378559262,1.0,1.0,1.0,-1.0,-6.303900545896597
-0.7328296159039636,-0.5806753777783098,0.026805301217279726,-1.0,-1.0,-0.021831527748227164,1.1274815807470857
-0.47150709960492715,-0.32031434020250704,-0.5537527102120663,-1.0,-1.0,-0.9097000056837131,1.159485735827556
-0.7943210816857929,0.0356417290927975,0.8036039511058057,-0.8948050494494414,0.19978621935864987,-0.20048335764788483,-0.7776930112675817
0.043065995431915804,-0.780241833309005,-0.6833800505325421,-1.0,-1.0,-0.2659993843604309,4.413029272157846
0.1528993963543937,-0.24885030781466433,0.23467011693466044,0.39936616221830196,-1.0,0.9953323842172472,3.829893081024558
-0.037853308393334895,-0.3761422434427173,-0.26374797372530656,-0.8334703572947305,1.0,-0.086430005158409,1.658545567943363
1.0,1.0,-0.3400941975860237,1.0,0.4994453789350747,1.0,2.4046849368326892
-0.7215966175032372,0.21849879755217527,0.9046649033370475,-0.4720729735226977,-1.0,-0.7750305199551865,-1.9980728204651104
0.22617340782356138,1.0,0.8232774680920035,-0.26806431708633505,-1.0,-0.12291783074464546,-1.4619183972439673
-0.5856870908554553,-0.4081014312563871,-0.12174351169379341,-0.7192143966459894,-1.0,-1.0,1.0656123589350972
1.0,0.5902766360036609,0.9320802692291887,1.0,-0.8973341684062927,0.1483285115221792,2.3136390730943908
1.0,0.9680260611323479,0.9119518385179659,1.0,0.25895354674604754,0.12343445541548526,-4.312237705287362
0.41299716371881656,0.8334509639767074,0.5871654169108093,1.0,1.0,1.0,-0.6271903856776448
-1.0,-1.0,-0.10631533618904365,-1.0,0.8691450851703019,-0.3924157143595861,2.5432076335316856
-0.3309192508459222,-1.0,-0.23903452873700104,-0.14750202243604527,0.2585340708223849,0.06964297254047472,-0.6341592324601264
-1.0,-1.0,-0.04752134361835891,-0.0865797104568321,-1.0,-0.19709502152370972,-0.5933998922213726
0.03321426729197491,-0.2559012516790555,0.3484865311831465,0.3741858860590813,-0.6362566406100172,-1.0,3.6744770463995864
-0.017107879662322634,1.0,-0.0502076836474914,-0.8743727619286203,-1.0,-0.6974977075277256,3.2035074172143245
0.5523665731514533,0.5049513929089331,-1.0,-0.20410811509351284,-1.0,-0.799861803025515,1.4429055089321576
-0.01851903642351871,-0.32392826004173747,0.7296861537868979,-0.33436611031272967,1.0,-0.27359103350789193,0.6108031106659548
-1.0,-0.6560470471876262,-0.9642674185669564,-1.0,0.987226138404389,1.0,3.5244035548462107
-1.0,-0.15446921958023263,-0.7582437271669213,-0.8754071020088073,1.0,1.0,7.837637736051963
-0.3459729901323252,-0.4360275636575264,-0.32368737045843327,-1.0,-0.3100384807246711,-0.28113864413895995,-0.33810649014060445
-0.9487031618700144,-0.4216857143550132,0.7194375631378667,-1.0,-1.0,-0.26584630866934544,0.10754173534274855
0.7953751147053001,1.0,1.0,-0.6278802050825083,-0.41128993256848556,-1.0,0.5404787181192744
-1.0,-1.0,0.27311449258542475,-0.8317424061517542,-1.0,0.05487340187934525,1.6034944462615712
0.8653588731010822,0.4631741974393344,1.0,0.6222467409325534,0.01798060667841092,-0.29128229431943464,0.454739236387644
-0.24319301833890083,0.31318073241550404,-1.0,0.0548529137775039,-1.0,-0.31103790119989605,-2.724066415982461
1.0,0.8773118145925711,-0.26280430865191945,-0.24076466755622605,-0.4046380126042304,0.15184993302088623,1.5529913968663793
-0.3853139526066309,-1.0,-0.8192283638119822,-0.7485818029832498,0.972897617251775,0.3984087047504688,-2.067370370456067
-0.09707413268761789,-0.46041518334869824,1.0,0.9159708921260443,-0.6366164539456455,0.2575718902696812,-2.4278632236187785
0.6244547693763285,0.73358613112815,0.31602739459564133,1.0,-0.34545929442582424,0.6850411989328115,0.972640274747034
1.0,0.11229103962600195,0.1789163579345041,1.0,-0.7012864547644163,-0.28285027504898363,2.73275687220973
-0.15692523475314424,-0.8729286856713947,0.8820835586746549,-0.5683369497100093,-0.3861335418720997,-0.4094126169096781,3.2415091256236006
-0.8890463461029054,-0.30506100887971715,-1.0,-0.359055549850386,0.04939004543998782,0.5958648799335204,1.4049230348507067
-0.07498221154818063,-0.3617574613835475,-1.0,0.1692847251657721,-0.059589980364211606,0.6898347901726456,3.1022445029704504
1.0,1.0,0.8927259755993804,-0.05407286871597494,-0.6247600245303097,-0.86418204939499,2.173286874664897
-1.0,-1.0,-0.259542515427738,-0.9475733278973744,-1.0,-1.0,5.513348776672588
1.0,0.9455532888661864,0.4610554885510889,-0.42011434344092247,-1.0,-0.7579312108781455,5.121695188294938
1.0,1.0,0.3679456068494369,-0.426798877159136,1.0,0.5774282699449617,-1.1443715219760024
0.6276948911084927,0.9286008275822095,0.19835046153321745,1.0,-0.2652452527461129,-0.21301161148546244,2.2374108682558536
-0.14930129776490986,0.9602823722307962,0.8339195971123492,0.4901370736336147,0.6706771026940963,0.12345562634744561,-1.6384747852912573
1.0,-0.7687783911629873,-0.5733726022697597,1.0,1.0,1.0,0.7324245744726083
-1.0,-0.05228297404585952,-1.0,-1.0,-1.0,-1.0,2.523501199562973
1.0,1.0,1.0,1.0,1.0,0.7041075603316815,-10.706377627275828
-0.277980393841585,-0.19500671010992754,0.6554269926040691,1.0,-0.7080862382028806,-0.9849262483982909,1.8921086280485815
-0.5493718207099167,0.09758091244333522,-0.7836579008250253,-0.003743862161988829,0.20835303422335377,0.020516431528279033,0.12445376125806222
-0.21393837683390704,0.4708596036957547,-1.0,-0.5926825684708652,-0.12338183056199759,0.33879734620210844,1.290825713018731
0.2627072108077918,1.0,1.0,-0.06582608933857781,-1.0,0.2619273162570273,-2.646308370446977
-0.43056988704220145,-0.28287205822895967,-0.1671074700401194,-1.0,1.0,0.8949841064088362,4.3700242811579395
-0.3804932193968744,0.2233061136440312,-0.804726753337876,-0.7480933260118834,-0.19001602783044935,-0.0016990191127315146,-0.4039289394976091
-1.0,-1.0,-1.0,-1.0,0.018188815636520195,1.0,-2.336607344185007
-1.0,-0.14240264759171295,-1.0,-0.11497551318455002,-0.18298080275534007,0.7176838062645332,3.403937629996763
0.6606204069000036,0.7755027060728988,0.5828568856312425,-0.7658359675701769,-0.8377252002846474,-0.38830703237702824,1.5875184904064512
-0.9328799110434977,0.810116780091731,-0.532249843003173,-0.6932946650184472,0.2731320549086574,-0.8865337649898019,1.8636561735524473
-0.8413036643532231,0.1925481895568404,-1.0,0.7711561855161637,0.19187406272869875,-0.4184456726202716,0.025280039275081878
-0.017447512535679832,-0.9199368725967743,-0.7332779489992816,-1.0,-0.07252917030814643,-1.0,2.6904266473941254
0.04404695955873006,0.5492845147401915,-0.6714719153430871,0.8104040619377476,0.016629180498812346,1.0,5.486371129743498
0.7497584435917884,0.24410201882005955,0.10362084726710208,0.038853492535828815,0.8755778265579648,-0.06099368637873537,-0.8083166850090032
0.5457439682966703,0.6295853286917992,-0.7317540721123797,-0.7037768798047052,-1.0,-0.35109868424677443,2.215158820765555
0.7843998999877253,0.379655083983498,-0.034775735845674116,0.17811559809029487,0.26434136860801316,-0.4075993827282538,0.04225035495298342
-0.10923160313275382,0.5087754171860677,0.6282764490199276,-0.7864645746863108,-0.17191875373032606,-0.09972996503380449,-1.519731613816619
0.051702823802755926,0.2621000207756644,0.07089109022191235,-1.0,-0.7196779883900799,1.0,5.44585703536615
-1.0,-0.18480487298194914,-0.9076791355593754,-1.0,1.0,1.0,7.10079327574451
-1.0,0.8900928032056057,0.008998355075499953,-1.0,0.441443151728639,0.12666003578545282,-0.05156573421669486
-0.6175207860001626,0.5733157591005557,0.18389157093977476,-0.5184377898740542,0.5600976560584126,-0.92572583163757,2.056380774044065
-0.17441404061266197,0.17138396444775034,0.459437025085325,1.0,-1.0,-0.3782688570944521,0.860506747393327
0.2199485865256362,1.0,0.2588587554086499,0.7741135597670343,0.39466443289311226,0.7288692274730234,0.1065940465353894
0.7919556712996711,0.6331479885193967,0.4342480240546933,1.0,-0.2166536354075712,-0.41028034163770943,1.5181883300610124
0.08950877632856491,1.0,0.16336023415042433,0.491629333021973,-1.0,-0.2873011701063673,0.40836685735199585
-0.41679415825601374,-1.0,1.0,-1.0,1.0,0.25720827956782166,-0.8927736072849153
-0.751038751326268,-1.0,-0.4061157246420505,-1.0,0.9158006401736829,-0.6858510715505953,3.077661032647443
1.0,0.7588615530508178,0.530250902631731,0.9263967416755312,-1.0,-0.045412981274991604,5.32383222886392
-0.41390400071002464,1.0,0.30475736029216677,0.0011737020717271784,-1.0,-0.24701358822846575,-1.5960039310267278
-1.0,-1.0,0.3977727100315323,0.004527254715268103,-0.6318370203387933,-0.934234450264771,2.11110908993876
-1.0,1.0,0.05816662853097404,-0.42791914273842135,-0.6885479836710617,0.21355525576151457,-1.1451100931541531
-0.27150094013665843,1.0,1.0,1.0,-0.574907154993273,-1.0,1.0943206517347832
-0.7318422706107035,0.2717105436243131,0.1977800363503493,0.10808500593016923,-1.0,0.3005467348208414,-1.8825572863086428
1.0,0.9736787448888387,-0.04129591200620697,1.0,1.0,-0.4500307887375769,-0.6916316772283473
-0.2446555536469619,-0.9191967839603108,-0.6552872145484285,0.08286999735002121,0.908052024350287,1.0,4.117683177927005
1.0,0.488949653871143,0.9546427678967432,0.5433933765782739,1.0,0.5647703182807011,-5.5163627123843275
-0.04165917211365411,-0.032227162603947646,0.06139533295430888,-1.0,0.4067656771860566,-0.4657674587269951,1.0216819653162728
0.5046583381734391,1.0,-0.49774451203780845,1.0,1.0,-0.2896888320697115,-1.5436583355659375
0.45903660604293844,0.2828307545411832,1.0,0.9073808227843758,0.9387876041512275,-1.0,-2.9988835064763286
1.0,0.5898864078073078,0.6743453938925967,0.18147968979242068,-0.3970247169309131,-0.37360004564077715,2.6728960720255523
1.0,0.7833322643461236,-0.8406474426333238,-1.0,-1.0,-1.0,6.4586708842039044
-0.33894042945045494,-0.8341769548150243,-0.44739264055453054,1.0,-0.010338445107596073,-0.9957132041160988,0.8612913639987391
0.09875593491538748,0.9454398218049794,-0.292703942165649,-0.05272769605165839,-1.0,-0.22422749227930017,0.7190398538092417
-0.24790389936200352,-1.0,-0.7536527552645433,-0.8172929629656565,0.3510834625488852,-0.2899149150045911,-0.9625418119946787
0.8290040838361123,0.28319014549750077,1.0,1.0,-0.13759633695365564,-1.0,2.9645445790341394
1.0,-0.007469317138698306,0.9037118848270571,-1.0,-0.00067741562671772,0.21827167296705124,-1.3346757723981328
0.9642356094575085,0.7867739577649575,-0.22250374189077615,0.609216122912033,-0.48486335926943197,-1.0,6.434413594863128
1.0,0.838365180671874,-0.9123100349897681,-0.25085980081031634,0.2146331514406551,-1.0,0.5499905429578312
1.0,0.21204263314712346,0.5647751098426406,0.5679988352492737,-0.3927414237802991,1.0,1.3385200225702463
0.877941538689761,0.38757184420479907,-0.5848796804970248,0.3136902725581377,0.1065582280608095,0.9032058024486809,2.2940687949095087
0.6124712661195795,-0.0841086319271154,0.9780851008788272,-0.0015485768388506238,0.9724024669260182,0.661965226702111,-4.424909634755247
-0.45160219910644506,0.8319253355423308,-0.537705773673431,-0.11860481782162147,-0.06836126394952258,-1.0,2.4920711073993815
-0.4398863524179468,0.29000357993456605,-1.0,-0.6648405127755077,0.4164841863871486,-1.0,4.139745252798993
0.11134051963690367,0.5738697273958919,0.2440655496919401,0.3891147620151216,-1.0,-0.8849546173920473,2.051299481357794
0.778592496140404,1.0,1.0,1.0,0.05524149684881263,0.5849991317887464,-5.655817987902822
1.0,-0.20690787986148507,0.9359572152156839,1.0,-0.7598162482960422,0.12949513227222587,2.5809963636056943
0.1342219801287028,0.6185930093713559,0.9984655712216561,1.0,-0.7878996091066981,-0.08560513665200697,-1.2870255250536562
0.6553033794712431,0.30273405600304926,0.4623765411086269,-0.8491442969782733,0.2596847819906117,1.0,1.0316814544378072
0.8583782505404761,0.7238640544413641,0.500195974305592,-0.5943741843841319,1.0,0.07921145052677717,-1.2422379913577353
-1.0,-1.0,-0.994421306270242,-1.0,-1.0,-0.3657148673454562,-0.3569781714939866
0.14619389300960406,1.0,1.0,1.0,0.9195749375484279,-0.5970030739878663,-5.476075137025348
-1.0,0.537038605336462,0.16400815480748365,-0.3700433069288329,-1.0,0.8095396463155877,-1.6414562308785274
0.47927604622723574,0.26735532216162683,1.0,-0.41298059482914945,1.0,1.0,-1.9547926685787833
-0.05686339316091704,-0.24676432285211103,0.15572056726100583,-0.9722553497898098,-0.11227192542823061,0.8208495080051932,0.617590603924048
-0.9981466106232291,-1.0,-1.0,-1.0,-0.2736876102522642,0.3599084958905635,-6.040691844477036
-1.0,-1.0,-1.0,-1.0,0.572888385424163,0.2910419235859829,-7.143768651626716
-0.561933821083429,-0.6597471939160667,-0.6839608466786019,0.14645535340096233,-1.0,0.03063153942247815,-2.1503084325830537
-0.3008801065353306,-1.0,0.41404425618070245,-0.8332363591556025,-1.0,-1.0,7.380149492677082
-0.1469576407588553,-1.0,-1.0,-0.49535914569288986,0.5176875533007741,-0.13901490593985472,-2.6071443088920274
-0.8180026988255762,-0.08865652033939075,-1.0,-0.6672931456332851,1.0,1.0,7.589462580616368
-1.0,-0.36696088129068927,-1.0,-1.0,0.7364169293198751,-0.32316217274887105,-1.8879303194308603
-0.10932718270428443,-0.34689527273798965,-1.0,-1.0,-0.0383613822204919,-1.0,2.9390126857634735
1.0,0.6012716261404147,1.0,1.0,0.2052413070152761,-0.02797193936718445,-2.1038390470859234
1.0,0.5385317118253974,-0.4539697163880977,1.0,1.0,0.8698334672111274,-0.33834227251939025
-0.825843943567921,0.10536389573636196,-0.07165287000986839,0.9941591224668131,-1.0,-0.10188651419991279,-1.3825590559334395
-0.4390123440884426,-1.0,-1.0,-1.0,-0.6885726597056261,1.0,3.124978300472935
-1.0,-0.5558907338846264,-0.5792012943643019,-1.0,1.0,1.0,3.6217905403397843
1.0,0.15431327125377026,1.0,1.0,1.0,0.9240243712260527,-6.332115709223516
-0.2369806988529109,1.0,0.6742300571995736,1.0,0.9606596531719188,1.0,-1.322044236368318
0.8168090013840965,1.0,-0.7300465520736952,1.0,-0.8705395277018572,-0.18780543229491997,7.460833831404097
-0.4843183966498473,0.8335122941415241,0.6218854168839484,1.0,-0.3765184000553034,1.0,-1.7572307344200218
-1.0,1.0,0.3862357763391036,1.0,1.0,-0.19493975482591502,-0.903256894974794
-1.0,-0.1280702079912821,0.34951728410147265,-0.06497427563590669,0.42313414850010167,-0.740048316278826,2.9734210441452538
-0.29753215197070754,0.35513479929683145,0.052427063234844695,0.8192219184466742,-0.37148356471611566,-1.0,2.5290644230275316
0.4398114687028478,0.5302001860073321,1.0,0.7012871481305543,0.9399218366219659,0.44216255564610846,-3.482053640649744
-0.7009412653368914,0.28901709249765806,0.0708210095138051,0.6679651992222242,1.0,1.0,6.379082497821829
0.3196145000283906,-0.6379109531022573,0.8238635790087885,0.3395893622773086,1.0,-1.0,-0.24159112172256825
0.051175809467850886,-1.0,-0.23913195852560243,0.7606168168153623,-0.037671838789507306,-1.0,1.6498723636883685
0.6920685577381176,1.0,0.08718190214298538,0.623817556887641,0.0486027980419369,0.38614961650553903,-0.22960843659438035
0.8971122820668156,1.0,0.05094742883500847,1.0,-0.48620155512596286,0.37229389657298106,3.6582460505312135
0.28997643383872973,1.0,-0.41472457584039824,-1.0,1.0,0.3313201681663607,4.159907440190869
0.14840029977538588,-0.4850078563811775,-0.2869104679583393,0.48635475641527476,0.32858790151090816,-0.5482753274915761,-0.017635924965049093
-0.5557685093712623,-0.02525063987794879,-0.39460676709347275,0.2631640115584828,0.7854407879985823,0.5990938033190442,2.1191775110356073
-1.0,-1.0,-1.0,-0.4994261915087972,1.0,-0.48460160324609125,-3.620954383534266
1.0,1.0,1.0,0.99312220538934,0.8283419795885202,-0.4803003395300458,-5.867224990014302
0.34220385108956264,0.09664485032408704,1.0,0.568014996016811,1.0,0.49892177021677414,-2.0601446390723
1.0,0.5237093998341547,-0.1748775603119445,0.7650249426107041,-0.8045207218741945,-1.0,7.001074666223126
0.17748509782033717,0.02795518521845758,-0.2822800447639618,0.13109081446027482,0.5758600414736095,1.0,3.6393121334869125
0.3953912507884576,1.0,1.0,1.0,-0.7908886408870927,0.7866464719440569,-2.099063346533877
-0.866546023889074,-0.5628949736593936,0.3723327618087253,0.4600163358962085,-1.0,-1.0,0.2525955298143273
0.8629398534187238,1.0,-0.3735410373469646,0.3391557361349671,-0.20619882403327883,1.0,5.88329925937709
0.4101017278158323,0.7391619041312865,1.0,0.4496457107520858,1.0,1.0,-2.5134819919504428
1.0,0.14842631566232461,-1.0,0.263742026539593,1.0,-0.09590298373918092,-3.9239812236328016
-1.0,-1.0,0.22251525279148598,-1.0,-1.0,0.5251453394774045,-0.08576107189023252
0.7379354308134016,1.0,0.6557736388064659,1.0,1.0,-0.40021729954076224,-3.2614523444667705
0.024570310405334306,-0.040660144215884986,-1.0,-1.0,0.3829503234239983,-0.5861395761252293,-0.18631214245200578
1.0,0.4362242279092685,0.6513129917507707,0.009061478813861795,-0.9948843699489276,-1.0,6.654695678659793
1.0,1.0,0.9374265283365626,1.0,0.20613001323571023,-1.0,0.5121684493361546
0.5081094286790164,0.9476526392489777,0.5806396544703667,0.4342183660552943,0.700089651362148,1.0,-0.6816186328288812
-0.0608870062278572,-0.4877852348113777,-1.0,-0.22637211165190885,-0.6882292043594318,-1.0,2.407534384337778
0.2440362341096463,-0.6989940917269502,0.6372341647828974,0.6817417091555533,-1.0,-0.2475537485425889,2.7472110190993675
-0.0155514308498301,0.09742706735099005,0.19845551595124977,1.0,-1.0,-0.8760256463719477,3.336858815325226
1.0,1.0,1.0,-0.7657562340491529,0.1943796951474998,-0.4055464095205665,-2.8709607092342844
-0.545704252108168,-1.0,-0.770276704304078,-0.025123441598820344,0.17245655530301307,0.956858484820962,2.2533610742450945
0.305872489394279,1.0,-0.539744832772857,1.0,-1.0,-1.0,7.694126045675271
-0.6425680859408809,-0.6108259859940521,-0.40556417002830136,0.8580034579975966,0.6671393205623979,1.0,4.96693072712197
0.8101783493213205,-1.0,-1.0,0.17055319156547039,1.0,0.7537543501757269,-3.6482970177873826
-0.44020674969261275,-1.0,-0.2649235478360985,-1.0,-1.0,0.04512722662907975,3.6197544949761395
0.16040457477824738,-0.2955624031924537,0.8933489214180916,0.7576919383080096,-1.0,-0.7057682214544909,1.7708063874412296
0.8114505255472582,-0.5310562000235044,-0.38665379109838127,0.5214256255781158,0.2628008281184868,1.0,2.7396663252907096
-1.0,-0.39533681634279283,0.6530678783029025,-0.7020618105155463,0.6484342994548673,0.3473015770156082,0.2789407434338852
-1.0,0.6882011991847288,-0.5265873654831918,0.5372574787893148,-0.11853028966395923,0.2422361426592507,0.2109999809062797
-0.010101605256676832,0.6051021584959512,0.8990937864162207,0.2962956497962079,-0.19665884131280187,-0.4354431777074511,-0.4846995016726032
-0.01135805678459112,-0.42974402838445325,-0.03331388302651614,-0.2663458260729301,-0.04196284176517584,-1.0,3.8726947780674705
1.0,-0.09556580170135803,0.7696172636472957,1.0,-1.0,0.10323031718360082,4.1033826752281
0.7584171117997695,-0.864250952651799,-1.0,0.33205878173076,-0.8575881369582665,0.08934569135368309,2.863289759653786
0.2918498542841552,-0.02530936747651316,-0.6364193328353531,-0.6192697170206516,0.03558851536853358,1.0,3.995261379734436
-0.6156234639794089,-0.30892203020749365,0.9685634043326317,1.0,-1.0,-1.0,-0.8222198409521808
1.0,1.0,0.8993064231290734,0.24229343350433752,-0.4962713861015907,-0.4402526980464123,1.6718254331700118
0.4713962883724099,1.0,1.0,0.9015407655603558,-0.15581988801214317,-0.04555516532144288,-2.8776038748172015
-0.19068015820786732,-1.0,-1.0,-0.5717244971734847,-0.00048102763128266,-0.818545582519872,1.1069453353573127
-0.26661785701664864,-1.0,1.0,-0.3605936671279691,1.0,0.41534329575556805,0.19645921756233892
-1.0,-0.31314062891092803,1.0,1.0,1.0,0.29371347984364193,-2.0637286589602315
0.6308715870268808,0.005837583687415382,0.6096934250301318,1.0,0.9812272814586891,0.06246576450134378,-2.206498217294662
-0.42512998550909387,1.0,0.15321033655865746,0.017200746562063662,0.385403848919625,0.5925218988906809,1.7737308861196661
-0.16682239252249342,-1.0,-0.6192594756173966,-0.3327346096157875,-0.9721941965863864,1.0,3.5072211246814655
-1.0,0.7922997104386033,-0.20744531836608193,0.8991431849638772,0.17379648937634867,-0.2852969998158048,-0.13391571606486347
-1.0,-1.0,-1.0,-1.0,-0.15239066477209345,0.1199081209634418,-7.140424962867817
-0.5310843751000249,1.0,0.9179786702965451,0.40257673795775867,0.42279828646933093,-0.32097080129762245,-2.9165298465026708
-0.4487646892267531,1.0,-0.4083608236567503,1.0,-0.6282074134679919,-0.16326244889383634,1.1169152540006573
-0.06850339933892972,0.9185358154037816,1.0,0.7531946108911756,0.40255896272924463,0.24187380714377443,-4.276804867443788
-0.911705406747125,0.4940257472298797,-1.0,0.15324174699742216,-0.4575304608329323,-0.9042547621177182,4.938471108809649
0.3574022841021294,-0.707830845839191,0.35413183954691935,0.7167817486377966,0.9138271394304311,1.0,2.4018464133331263
-0.5965825654248926,-1.0,-1.0,-0.9955493244353557,0.443112319906599,-0.9707189540438301,1.617859996144699
0.3650604775105959,-0.5522182591762779,1.0,0.3666754726642109,-0.7655038021854415,-1.0,3.175924076480829
-0.8956421084604881,0.40157026402834384,-0.004196370531618421,-1.0,0.6965330123190199,-0.6401282732014989,3.7337028347955044
0.2645973066774013,1.0,-0.3695927369714396,0.05830892225407991,0.5337685631350071,-0.4527031686353778,-0.004530239192580776
-1.0,-1.0,1.0,-0.7897961387656449,-0.2908113445746952,1.0,-4.124389811477612
0.49886466168641347,-0.799054144037248,0.5266643394775027,0.7987810653013044,0.2857662495166132,-0.09759084006915242,1.1755268712873843
-0.5479410414629834,0.4973017057144842,0.4003432914363974,0.04565023313553218,-0.5133378851640702,-0.12364409550608724,-0.9302415562230549
-0.8721533796184341,0.8060388686884676,-0.44625215312999744,-0.10766443900906175,0.19894006146218235,-0.19391521375197468,1.3358606036236562
0.4611566234439284,-0.24104745800263805,1.0,0.9842703955182888,0.12875877473834063,-0.773439987442861,-0.27938657579150455
-0.49111674431658525,0.7206056677824688,0.1615570330289493,-0.7552891591066847,-0.5187989038557869,-0.5157962942356784,-0.43269064685642794
0.5042212353373725,1.0,1.0,1.0,0.29191149997174826,0.35368380627369667,-5.096524236791308
0.1375243371342637,-0.7466826788067216,-0.5995642732092483,-0.8770044961082815,-1.0,-0.7066544031665022,4.356838859464275
0.06995616562804063,1.0,0.48437882586013803,0.276361734915042,-1.0,-1.0,1.1597223130149699
0.31968415589851035,-0.254559761188081,-0.28638626634407693,-0.6242197813437478,0.11471309037261962,-0.05853439159124024,-0.5364993507305968
0.8193037519180344,-0.6440377883078843,0.8198761268453164,-1.0,1.0,-0.1439591125907687,-1.0868490316260369
0.8073569286570388,0.2733301475135399,0.8003036523763811,1.0,0.7901747923470657,1.0,-2.9942745308831324
-0.6323769970904249,-1.0,-1.0,-1.0,1.0,-0.48369574617158206,-3.786015325768873
-0.0013501477545594387,0.24585133009826848,-0.20698642449558952,-1.0,-1.0,0.16392516932231874,2.0819055886807103
-1.0,-0.36271824941564623,-0.19538076981327934,-1.0,-0.6347869675533795,-0.8081725465469242,1.3716341137343813
-0.5640627691243263,0.21277417306085689,-0.008325794484874582,-1.0,0.32289668521502923,1.0,2.812510851750952
-0.7593006232600317,0.3036261052050161,1.0,-1.0,0.8865036010006584,0.53858806482437,-0.17108050098527564
-0.5394511814692933,0.7035924851822343,-0.055686296427910675,0.1653607168319433,-0.7012991975331317,-0.46215883518186457,0.8461065829120995
-0.532034264194306,-0.034380395315834755,-0.6688009270225083,-0.050372224362954354,1.0,1.0,7.321214554952393
0.8007535840803242,-0.20561311082500477,-1.0,-0.6942577627243987,-0.6669970937078811,1.0,7.55758720637925
0.52813017058824,-0.8447780314253751,-0.39609702878847397,0.5780400398189396,-0.21255674090575194,-0.7858106786715808,1.5649791511794469
0.5411523874192494,0.3601753467344793,0.16364117572252762,0.10756865068500518,0.778992862080454,-0.3051457076929522,-1.0174043688022065
-1.0,-1.0,-1.0,-1.0,0.6893454734716998,-0.927861507812609,0.39851792232506833
-0.4295791671170911,-0.4165790774008055,0.5218557618351661,-0.3006129364054927,0.5408748554980587,0.5882411285687624,-0.244795485857416
-0.36566098711279577,0.9119880444350247,0.6766387956935181,0.6028970442644237,0.229934255309873,-0.8012232291659569,-0.43950040323589024
0.3429710193330317,-0.5911397256245017,0.6481911198143442,0.20571144664985455,-0.23084152136155556,0.4170953786984316,-0.6351297047325241
0.45578720907573983,-1.0,-0.6540783829038099,-0.22404182457405641,-0.8301177641743568,-0.6404234665662139,2.0635471451737133
-1.0,-1.0,-0.17645736777548526,-0.683879100664812,-0.8313812002486424,0.7402449092586048,-2.315899118785397
0.008957278232035848,0.8534112732542198,-0.3819139619016582,-0.6366418517018271,0.7791633099217099,1.0,7.746721211862623
1.0,1.0,-0.10504935639135382,0.6103418104133349,0.35600051715695546,1.0,2.434641882915846
-1.0,-1.0,-0.0846625757187059,-1.0,-0.429397045011197,-0.9181502606434093,5.08856675129727
-0.7079398238098877,-0.2195505645433709,-1.0,-0.7580123438690534,-1.0,-1.0,1.4595606776032706
-1.0,-0.97570572027875,1.0,0.48986063502861055,-0.5903654033899852,-0.704831282531184,2.2858532831472846
-1.0,-1.0,-1.0,-1.0,-1.0,-0.13020856204375802,-1.7812783007457906
-0.4962231528152732,0.1630590713242807,-0.45133908631049774,-0.83251121926718,0.3625507076823087,0.6144820078070606,1.2336148963158582
1.0,-0.4211738167420273,0.013348040152618146,1.0,1.0,-0.06801882163688516,-2.674369218085241
0.43100653347302087,1.0,-0.2142041321739297,-0.407349157211758,1.0,-0.38175650553583207,0.7184862610872582
-0.10109863199766034,-0.04550739865836251,-1.0,-0.33614067867629377,-1.0,-0.569419944867632,-1.4152940367300142
-0.8456048611293367,-0.11645755868340268,-0.8411701326401629,-1.0,0.6931477130418993,1.0,7.204005627911184
1.0,1.0,0.04405501066369388,1.0,1.0,1.0,-0.24976264238418305
-0.09520597887386809,-0.39616671486356947,-0.19875978751565349,-0.973416501142135,0.15826548404171248,1.0,1.7910939879234784
0.2587098694523711,-1.0,-0.21006019328742276,-0.3189289125207422,1.0,0.2012825756305714,-0.9548699800224894
1.0,0.6558350753757508,-0.9332645893645138,1.0,-1.0,-0.32981256415073273,5.6018893562822285
1.0,0.27254148311543647,-0.3228342477335642,1.0,-0.016352239839893423,-1.0,4.321493326948983
-0.4367912335484536,-0.4932554862103047,-0.20191931104471816,-0.1041045349538785,0.7681824163669069,0.6531428377088901,1.957824159151703
-0.6393186318788942,-0.23101366417178482,-0.07918355128760157,-1.0,0.07671144443242577,0.6014364480096985,0.7252937452818999
0.40115281212117737,0.5442089576211314,0.9247502441542569,0.27176732561473904,-1.0,-1.0,2.1371584425901733
1.0,0.18544900197853642,0.5342903445826941,1.0,0.07382185117394821,1.0,1.1102453816191966
-0.0009408476054253434,-1.0,-1.0,-0.044868681733886445,-0.4075523269163412,1.0,2.712053103407201
1.0,0.32736646192909136,0.6409990804197223,0.23786449916050822,0.9132183060753833,-1.0,0.11641308467049624
0.26259836337269626,0.6220918255541819,-0.3140033655899211,0.34903610564126236,0.31434882204437486,1.0,4.273460983698369
0.29588151068209695,-0.38116782966587803,-0.4930914878768476,-0.16697667933572774,0.7082770682041781,0.7005180509667255,0.5775200545093202
-1.0,-1.0,-0.2838052297282314,0.02907049647856952,0.9054484100323588,1.0,4.694491929116908
0.8585498807610177,0.8922855915368602,1.0,1.0,-0.009839497671374597,-0.8696929759815275,1.7919416569725428
1.0,0.4056393060855765,1.0,0.42150266825991833,-0.4499702654380564,-0.6845783074413674,4.285537110803465
1.0,1.0,0.2626778679513819,0.4574932316963933,0.33448890569221235,-0.5795374986451084,0.5320500165562989
1.0,-0.24187735415723854,0.969428931283985,0.21261670928777265,0.929615597265596,1.0,-5.681626341104956
1.0,1.0,0.620282894839952,1.0,0.9627284931689778,0.5354689967856776,-6.137878224288075
-0.19665430738931228,0.3161430512669094,1.0,1.0,0.3161406609649908,0.8225687184039965,-2.043837263403223
-0.7963946219824884,0.48716628784148164,0.30008379628404824,-0.45703635835653195,1.0,0.3827352860172042,2.8124968702400475
1.0,0.23050740766535913,0.41676805098649194,0.788869096443025,0.9619205833234585,0.47152229028426773,-2.4746889271198036
0.7221211276908819,0.7161361694348898,1.0,1.0,0.7956993674827649,-1.0,-3.8304854522341625
-1.0,-0.2436657891680135,-1.0,-1.0,-0.12132035799521138,0.9992575673892226,3.8746018618107123
0.4168326573919814,-1.0,-1.0,-0.9764599835304877,0.30684725031287086,0.19019120642687515,-3.7971088571522706
0.6973935529852646,-0.3334502124572929,-0.5216490175707976,1.0,1.0,1.0,2.4381612737562395
0.27617446878030694,-1.0,0.30244454171403873,-0.7002510292668203,-0.2406025547009566,0.7012476843548616,0.5057265522922719
0.26626319922267294,0.8855032765800692,0.30171246296774434,1.0,-0.37634798556474663,0.6035481943450787,0.08138151162987195
0.40162469375881105,0.010675232568857052,1.0,1.0,-0.22359381178045823,0.41815177361537187,-2.122756321617834
0.22068847471255615,1.0,0.3126603307074176,1.0,-0.5141666738805424,0.3366600586799027,0.942197569169026
0.1419741926283215,-1.0,0.17665992703121136,0.9710815051278656,0.2277990958166473,-0.3257614516449438,-0.4223788480821674
-0.8391344352808761,-0.9559982937538338,-1.0,-0.3557236433893747,-0.8208292129998213,-1.0,1.343477357025781
-0.1413220952317502,-1.0,-1.0,0.5908720330896053,-0.1815043423697873,-0.5655824068153099,-2.4356792292189255
0.13033612499877556,0.5398470589139257,0.9068084640700866,1.0,-0.7813638098154767,0.23291446842919517,-1.0682254423644386
-1.0,-0.4754860240110498,0.6507151005719827,-0.2866614629580444,-1.0,-0.5192812827244098,-0.5077041082731243
-1.0,-0.45821245058765214,-0.2934866204189661,-0.9747462460488875,0.4856763686597192,0.40479374261357676,0.4269516554991513
-0.45890366647305025,-0.6619569566069055,-0.8599015176526235,-0.8804641130250632,-0.564123060148788,-1.0,3.4018180611591347
-0.7382991666372348,0.2950802505115053,1.0,0.1320123516995133,0.68416750915584,0.09291905229792208,-0.5679101531861885
-1.0,-0.792073137129584,-0.9091353036802273,-0.4712181396563604,-0.1683231252401815,-0.10162456587515062,-2.770730586615313
1.0,0.182552332324311,0.1751294846176943,0.19895281815258148,0.012864590263091946,0.29658166321392304,0.7185607970261875
-0.030113865454944655,-1.0,-0.4595155511941488,-1.0,-0.2612624506026846,-0.9379703299182869,3.7624850371001646
-0.09191704928082578,-0.7601626301588496,1.0,-0.2473731008546598,-0.5506512095432605,0.11624476502170938,0.22452785077543247
-0.14851964976481102,0.14761974860299215,0.25961770363869663,-1.0,-0.48595065658843983,0.048958181379743504,-0.12410855124842629
1.0,-0.5752748616083634,-0.62496861024177,-0.5913389593973046,0.022621623292384707,-0.039608473709467074,0.8570110613904359
-0.3724096474703924,-0.5777016888714994,-0.22905362892366443,-0.8486822652965642,1.0,0.36040263298411046,1.694023595518822
0.06231402418607959,0.056720097744005105,1.0,0.3971365338518908,0.9961209843478321,0.39619818380430943,-1.6413852343250124
0.7384605051548223,-0.6630410514041903,0.754678971799507,0.6359700588009733,0.49941473385569,0.3800401853198019,-1.4502399220410456
-0.7710918732553897,-0.4131771551401868,-0.46768775830308346,-0.22342931942630706,-0.15478936695342704,0.9110691938521104,1.113784619730752
1.0,0.6039552889624895,1.0,1.0,-1.0,-0.1668421343728277,4.952446955561788
0.05611296170689528,1.0,-0.39964832726699956,-0.0119132735625479,-1.0,-1.0,0.7409286468125432
-1.0,-0.8859930184292408,-0.7566217493470284,-0.11785143373985596,-1.0,-1.0,-0.4345129595104118
-0.20140449309368902,0.30267580546332645,-0.6879348171213261,0.37588817216866544,-1.0,0.6313638876123915,1.2105650948901878
-0.6678434191978642,-1.0,-1.0,-0.9467729078125551,-0.6816007892862862,0.634377070130469,-1.9247853053047232
-1.0,0.572014311000584,0.3439407005846288,-0.022130513346765218,-0.6184539646313987,-1.0,0.28807434692496997
-0.36505845433333106,-1.0,-0.4006596088613808,-0.8145197353141218,-1.0,-0.2591951689919312,2.427867931550538
-0.07992903193343598,0.9564463920025831,-1.0,0.5742941071073758,0.20307027412436396,0.5461690620362167,4.11584536269192
-0.20948790310629484,-1.0,-1.0,-1.0,-0.7749049884993111,-0.904678609059508,3.4711227581162802
-0.3714875750498873,0.17130065876265133,0.6695833507969393,-0.570946029019965,-1.0,-1.0,0.1445012368228772
0.8058723720293842,0.03479829923088107,0.10661421081383526,0.4761668899129141,0.3009062982932381,0.9827043798664012,1.601972484849063
1.0,0.9470746615021248,0.7078389079150716,0.13447133281691917,0.911874599893088,-0.039742792995516196,-2.6155148885727106
-0.17283275503970377,-0.48981938817297305,0.14038369939081324,-0.8716563490092082,0.16598044637595888,0.34574493790513605,0.14891714070473083
0.6864563162382911,0.07348837464961581,-0.7094191931556849,0.32222340536789573,-1.0,0.35389145610042994,3.665132268431286
-1.0,-0.24071079691949637,-1.0,-1.0,1.0,0.6448514880088427,2.0415753587587835
1.0,1.0,1.0,0.9531995267448157,-1.0,0.3681892045840799,3.1456319080574184
1.0,0.026780964392162855,0.04254509643193921,-0.8646935843843594,0.8270349112314721,0.36273032941081884,-1.4758355214373
1.0,0.20830456013612414,-0.47300948325802405,-0.7350407726599749,-1.0,-0.16810670541928635,4.271088428588753
-0.9713808203382235,-1.0,0.09041753133675823,-0.1311215736846602,0.5443687055468518,1.0,1.6557384968676314
1.0,0.9638649579097078,0.9692756548829065,0.1999017044256881,-1.0,-0.5628034695539892,2.455772601174021
0.5096051750043407,0.2222395163400439,-0.3959539475783584,0.5200612792183318,-0.8386866069930464,-0.49994285929569215,2.1629776470755098
0.49699799662772015,1.0,-0.08359401492557568,0.7044192553044474,-1.0,-1.0,6.379313933682015
-0.7709335782715053,-0.32861439901085765,-1.0,-1.0,0.024874018799067144,-0.027036703979676502,-1.9411944375425176
1.0,1.0,1.0,1.0,0.22750462692501183,0.7347286867723959,-5.754370953525731
-0.026779670953199552,-0.5102262285952688,-0.4459240027128192,0.3823179614707629,1.0,-0.988906630182308,0.09934850104045789
1.0,0.1488727431399895,1.0,1.0,-0.5836622205221625,-1.0,5.600357267357957
-0.11877857372490919,-1.0,-1.0,-1.0,-0.3521909662707936,0.3259265989380247,-3.0085410160003114
1.0,0.4522564472597911,-0.24520668388881706,0.5227561345096209,-0.5464241843624609,-1.0,6.137744079461659
-1.0,-1.0,-1.0,-1.0,-0.3160589626745727,-0.7943111526543913,-0.7615220678178912
-0.2541797809795425,-0.44751718438779287,1.0,0.025278324832304435,0.011777114393200394,-0.028090357529173993,0.6237846226420053
0.28071351400539624,0.9914091786664865,0.6673871867997023,1.0,-0.3833056823978881,-1.0,3.589151884335196
-1.0,-0.8638063993045805,-1.0,-0.8209265307681353,1.0,0.1957639562450837,-4.958865918087919
-0.10828508312765384,0.21143157670101767,0.5505271334902433,-0.7142177187009187,0.5738549750775928,-1.0,2.1557398741948477
0.08935445742873543,0.04605195441794874,-0.12887019363558191,-0.8447881767227617,0.14121406061648945,1.0,3.0675711311577656
-0.23704384896732678,1.0,1.0,0.8994077211564424,1.0,0.29689018874811957,-6.614940656562743
1.0,0.2130663289167002,0.9480908528505397,1.0,-0.40882864322400425,-1.0,6.040272932564225
0.35435517626814406,1.0,0.23587461830653733,1.0,-0.25226859351178654,-1.0,4.089674078158151
-1.0,-0.25466828176373557,-0.42026097490864733,-0.17967229246714278,0.5217445899234543,0.15520728572522668,0.9436325441547627
0.9301708313753929,0.45932176228937777,1.0,0.35775571412564977,-0.7369241722241734,-0.7859364453785329,5.294682028333144
0.04218272660744085,1.0,1.0,-0.28793572658696726,-0.048660001528608054,-1.0,-2.07006837369424
1.0,1.0,-0.4198046378368332,0.8818486748671559,-0.10044207011188533,0.8547195200513804,4.6790699975552235
0.299334665284653,1.0,-0.013298067663275959,-0.5388772395676311,0.14266709791175686,-1.0,1.2323747947080046
-0.8697883937724644,-0.9314770587439606,-0.10446244999267362,-0.8443951653291262,1.0,-0.3813976247678674,3.9682617734870465
-0.347950726146551,0.3560845668693735,0.9050064872603452,0.44103869742236457,0.6140288020422751,0.11632438876033091,-1.2205113722609051
-0.7051135749208411,0.05340268038143062,-1.0,0.04062499899971839,0.2860906630443941,-1.0,5.316516335727283
-0.8848662159546609,-0.8295437853394718,-1.0,-0.1017659662942963,-1.0,0.06889504603116747,-5.275518473817418
-0.8596411456374902,-0.06151391353118696,0.13621057389981883,-0.8093336443662988,-0.7575903041246704,1.0,0.6282294161032652
0.6766312792627457,-0.06508737266232911,0.6828007337443176,-0.31753373621760406,0.42108624429403263,-1.0,2.9102194781161237
0.1560464339399723,0.638462941407093,1.0,-0.09533074612636995,-0.6117548805547189,0.33122241610868164,-1.8803069670185604
1.0,0.5019772536568623,0.26140124603743753,0.39203130980822887,1.0,1.0,0.47944352807082263
-0.6941574450642153,-0.7310825300571908,0.8952858162986725,0.9872874011488355,-1.0,-0.06402920480993557,-1.8292282250739742
1.0,0.6078212455784975,-0.871026394714843,0.357856596807933,1.0,0.22776067568269331,-2.307316569977881
0.7246339890449527,0.3285077802127203,0.06280624486591391,0.2819803949458337,-1.0,-0.941014424070493,5.288408887338856
1.0,0.7144025767665065,-0.3561757436161227,-0.2563803167355858,-0.5587159841643197,-0.9259864279059883,4.10173677076795
0.6330394040543914,-0.3071210967027334,0.0037095467514045577,1.0,-1.0,-0.6757476825617629,3.9461643064158745
0.31527583982056884,0.56776647154174,1.0,0.831377094700632,0.5797655291328907,0.056675201884171966,-1.6286824685422734
-0.04206532563524819,0.009086041691006796,0.9427359774013939,0.10297209333404617,0.6108705383517667,0.7484425400807124,-1.1543214081828312
1.0,0.8494766920299621,0.377565143224472,0.2531759105448712,0.8161494412892856,0.48181144519814967,-3.2924411629619623
-1.0,-0.4732124483653162,-0.9911531473889919,-0.8277480535875257,-0.6172829010524518,-0.08516441897079813,-3.0666888278030195
0.05788138606882254,1.0,-1.0,0.8520576755572985,-1.0,-1.0,7.22705237636142
0.16950524265756262,0.32243223229539386,-0.18986373210440166,-0.1934309037750659,-1.0,-1.0,0.7967656968405589
0.19575342815325403,0.873809567703348,1.0,0.7733502912987316,1.0,0.6563832687706754,-5.078365751905613
0.688014593571709,0.8156054318373115,1.0,0.4797839923334202,1.0,1.0,-5.00774582984157
0.8583319198880535,0.21660915718916735,0.642270795964273,0.19891296151629023,1.0,-0.20907529130810376,-2.1610027109494823
-0.10934228534094537,-1.0,-0.5312543888578148,-0.04500095969040385,0.5504673539081704,-0.4365986355035287,0.1014260933113712
1.0,-0.16923510133679764,0.3756976322671617,1.0,-0.759076505318506,-0.27643963470951083,3.3099709246340736
1.0,1.0,-0.6897769647249368,0.6404828648079969,-1.0,-0.46267978215838235,6.380421364774287
-0.22346927490545143,-1.0,-1.0,-1.0,0.5261696455595717,-1.0,2.2148533181042853
0.9888166920093666,0.8822604015064099,0.05078737281815893,1.0,1.0,0.25100180684454154,-2.9179279188695073
0.7542406510895292,1.0,1.0,0.6708449039380073,-0.06059347113835378,0.08309702286615751,-2.3753702975408055
-0.39120948282084544,-0.4441768246199329,-0.36311798156652597,0.6723683980554738,-0.35634720136949743,0.079705474700802,-0.9778952302306343
-0.316290017840453,1.0,-1.0,1.0,0.20423397596498494,0.0745234379117734,0.29823652979807636
-1.0,-0.8651358647510012,-1.0,0.03323638185148314,0.4107796276199488,0.667058149437632,-0.018276797343829296
-1.0,-0.6190215838357649,0.5577568649191103,-0.46418484860639697,-0.882587524446061,-1.0,1.5637541843549847
0.5833666456885342,0.18345439086422466,0.44794114040379446,1.0,-0.09532649111532598,-0.969395429996577,4.270470861116124
-0.9701489951941265,-1.0,-1.0,-1.0,1.0,0.5143420408774546,-6.712468328047513
1.0,1.0,0.5872756326238799,0.6035378983751092,-1.0,-1.0,7.091429680708406
-1.0,-0.9151994551320229,-0.17255711061870538,0.04633472152860793,0.4943424818846993,-1.0,5.4237226920986
0.7250935276199,-0.04848481312430836,-0.27543676226220337,-0.6236074495063054,1.0,0.9846599206290394,1.8683879421284006
-0.39704222296363273,-0.7516766587266619,-0.4842912393002978,1.0,-0.6008201762117482,-0.5828359713744031,-0.9221276252975876
-0.09694225881982332,1.0,1.0,-1.0,-1.0,-1.0,-4.047915360765444
-1.0,-1.0,-0.5822523567299214,-1.0,-0.35736789103223177,-0.2651872411931535,-2.4137795667146875
-1.0,-0.4702647925322773,0.4678228959441443,0.7104875479029887,1.0,-0.3459432748260902,2.678542808122881
0.4890858355519747,1.0,-0.5905735720383547,0.6212316568453217,0.16356227101894194,-1.0,2.91364823059079
0.48493707985437084,-0.0552209201831072,0.5983032869828628,0.08552902298781218,1.0,1.0,-0.14699890908935467
0.14732118733100164,0.3957492754234464,1.0,1.0,-0.46816155908818496,0.4222550620778519,-1.2495870489549357
0.6652196986034147,-0.8992363408185202,0.08167085786217887,-0.747478017550665,-0.15544843394721108,0.3722945826980618,0.24186411609149927
-1.0,-1.0,-0.38104171486143507,-1.0,-0.1010296636288186,-0.6947185099732307,0.9142167873433303
-0.0488933973422733,-0.6144727519411324,1.0,0.19008233421096027,-1.0,-1.0,0.978959622379437
0.874331832590668,0.17158284867448997,0.6534405284849525,-1.0,0.4669431186479469,-0.47696758816496465,-0.22526487047211138
0.9895897560895122,0.2686695951032661,0.3142287405988509,1.0,-1.0,-0.8431627074718755,7.616224031118295
0.37786227372657877,-1.0,-1.0,-0.6049229252695654,-0.5727862569346207,-1.0,3.9332082582879657
0.5955828402025366,-1.0,1.0,-0.8043765047398641,-0.0072179606649489525,-0.7862914733425421,6.877745234584703
0.3430285370689982,-0.03997262780773464,0.6478205837202602,0.9027455561342415,0.9959520344752628,1.0,2.1880358277989957
-0.6168074418662176,-0.389280250183091,-0.05670826438878773,0.8091644316253721,-0.7301883090418628,-0.6310225986037217,0.5730515535332089
-1.0,0.4746678424129046,-0.4831747685989065,-0.4266347614354318,-1.0,0.10038090257130372,-3.094270500650239
-0.03311758854578484,-1.0,-0.9661844767422718,-1.0,-1.0,-1.0,5.77687295301675
-0.12890632740219132,-0.13831915591557345,1.0,0.7031767681273013,-1.0,-0.25140910012105666,-1.0223287836835926
0.23607376314972206,0.8331838957484641,1.0,0.18819424914643101,1.0,-0.4105207255129665,-1.4252227194088598
-0.4922212485929841,0.26785795966120873,0.43457523097649786,-0.864474061549265,1.0,0.6196273463120299,2.1636741510667465
-1.0,-1.0,-0.910061340131776,0.3954625199903492,0.13414298179446282,-0.2998857582442016,-3.5753287464161927
-0.15487902159628902,0.6011550819962779,0.01902792457605454,0.0977868863654644,-0.43143551263041197,0.27548706213927965,0.9838725803462296
-1.0,-1.0,-0.5126601514137987,-0.3009963549162016,-0.0019368626100921826,-0.6335669104591757,1.3246347436031645
-0.17302461869679903,-1.0,0.4236063109493624,-0.8573203255464044,-0.6978603907875307,-0.06744474074506071,2.9834530067844547
-0.9006156619391358,-0.5787344537586363,-1.0,-1.0,1.0,-0.674965810185866,1.6250757904907425
0.4161912272529883,1.0,0.2733001571101562,-1.0,0.8212233707256196,1.0,5.440139850776953
1.0,-0.5028233629149708,-0.6538547111503763,-0.027194290245939,0.041142450006090736,0.20376780916167053,0.5554827435166542
0.3083258957029986,0.744423190473958,0.05503577087635536,0.488262893129384,1.0,-0.34517965355362645,0.4707227281246855
-1.0,-1.0,-0.6387979369924621,-0.23923703655243567,-1.0,-0.31449805627608196,-2.5780399215239997
-0.09086847353799646,0.14279706269776185,1.0,0.13731119394917174,1.0,-0.05739193678794119,-1.5953565473155153
-1.0,0.6648892198622669,-0.5680510093040749,-1.0,-0.9178361955852082,-0.9689180862022246,-2.1672733588201134
1.0,-0.33191666550635324,0.4507059090477872,-0.7155019504086686,-1.0,1.0,7.545754321837438
-0.6765952665607898,1.0,0.06044843459613264,1.0,1.0,-0.2920820607087129,-0.4339141716394862
-0.18755404078159582,0.6064569603605429,0.22838835865544443,0.27452401263361725,0.515077556609608,-1.0,2.307844335871704
-1.0,-0.7203156010466988,-0.9765312463851816,-1.0,0.6625409229220046,-0.3327773907357453,-1.8511579840946346
0.5121327037317417,0.4933061615296942,1.0,0.27167879958099345,-0.4895757643893124,1.0,-1.345258237476648
-0.21675818766042898,-0.49568242561278686,-0.33811596643080355,0.3351904736317843,1.0,1.0,4.892178948535667
-0.804908603540941,-1.0,-0.10578515934113786,-0.04706368005597206,1.0,0.16466352431407744,1.7051360573577223
-1.0,0.36965262985021424,-0.4951950479700671,-0.06834886344183749,1.0,-0.19637520414253368,2.80394952200104
0.3635377786919014,0.4730687359787803,1.0,0.6865678977499574,0.05490981296518571,-0.2896413242295939,-1.0590976207654246
-0.7336713024580612,-1.0,-0.583834526500429,-0.9194402198675509,0.9035315767573439,-0.24327965233123122,-0.24735740671736361
-1.0,0.5242932424514243,-0.8122430906826918,-0.4867569969448343,-0.9186258349619767,-1.0,0.14137069098116536
1.0,1.0,1.0,0.184841534573015,-0.8802597042667036,-0.44748107626899886,2.0620577018635586
1.0,-0.12129904452402174,0.588799344606175,-0.3894495127718507,-1.0,-0.5755544603081553,6.263073542062085
1.0,0.2404231600762627,0.26745327578517564,0.13860232594362815,1.0,0.15486034119495878,-3.612428716864855
0.09743942025243764,-0.25608761286429715,-0.4455687576531716,0.38859428282981323,-0.6436667142778185,-1.0,3.1746102263281863
-0.591302441668371,0.37393998374517035,-1.0,0.03570192955079021,-1.0,-1.0,0.30666696913473634
-0.19971165475333896,0.024361082627461395,-0.4809511443733301,-0.0705725137736608,0.5536347006370074,1.0,5.755082187179982
0.48754675343528486,0.1131549499830613,1.0,1.0,-0.5816881224174887,-0.1845133042266005,0.47388474774208456
0.21421401180506194,0.8577160663657795,1.0,0.11431598184658154,-0.1461908602603797,-0.08830885115658438,-0.408383675886008
1.0,0.32988202974715963,0.9347513870502677,-0.33087826925535374,-1.0,-1.0,6.852410541131863
0.6330356388695401,0.2967162540426933,0.2707400547367807,-0.1869696915879232,-1.0,0.3047494810639415,2.086100212914162
0.6420269912541005,-0.3478728925992192,1.0,0.7174360600768154,-1.0,-0.7245334988720451,4.968931604264485
0.13146667873338122,0.2171040052029447,-0.5507525216956424,-0.5287054171495479,0.24632950494436412,-1.0,1.399532523059558
0.3038138846571999,-0.035743757338970894,-0.15118353450168398,0.6272019703154295,0.549798424729075,0.07599896617864099,-1.7446392941892275
1.0,1.0,0.945939539284882,0.7038359717997177,-0.07220908966327427,-1.0,2.239323026096268
0.49866314417049873,-0.12451059427808664,1.0,0.54979442616087,1.0,-0.10165258311941616,-2.3055413879982996
-0.9980226585834779,-1.0,0.13390753023865504,-1.0,0.03069243674219224,0.14490693336890648,-1.5861540827472638
-0.8240462850563782,-1.0,-1.0,-1.0,-1.0,-0.1773351602712231,-0.8149608906842486
0.19193283830348662,0.9798333344145445,0.8702038649178379,0.7253540769248137,1.0,0.10037181504710779,-3.8100949229716288
0.9246099320752168,-0.6488853834459404,-0.666135015879481,-0.20483518215826224,-0.31492480319982585,-0.4929350474902234,1.9292820352218598
-1.0,-1.0,-1.0,-0.8922075345888556,0.5496400346840249,-0.012911692017023468,-6.346799883700345
-0.25456344826512933,-0.7196304199304471,-0.03423185407589335,-0.7906599823861444,0.9375431276552516,0.18576314956034382,1.5608362076950837
-0.3608266612850768,-0.3896974116488934,-0.9861558671233284,-0.36984050221777753,1.0,0.6275173594158756,2.2607099294147126
-0.8066380615649523,-1.0,0.13573170208489244,-1.0,-1.0,-1.0,7.427326388670228
0.6799935338401305,-0.2484826682079303,0.9695489860626196,0.022845150413267734,-0.4274680440389649,-1.0,5.252469608719668
0.7910405873182196,0.8134830343910067,0.6695123308733353,-0.49844574359501576,1.0,0.09512207676053841,-2.025386146439438
1.0,0.08272989440422829,0.23495994762604733,0.8521509804102902,0.7975251185590297,0.7129378822349611,-1.6318237197193255
0.3493005246762134,-0.1380790724701122,0.7302411441366252,0.9565108583699096,-0.9223886444334373,-1.0,3.8754579316222864
-0.40752863261202943,0.5384335379594196,-0.03298631314923728,0.34738063173144096,0.019258321523118127,0.061249324921578086,-0.5484258951662035
0.32228280191660497,-1.0,0.11126780779144815,-0.09710736708734696,-0.6661567126681252,-0.19952081339765004,2.1379272194232324
-1.0,-1.0,-1.0,-0.4813540122720934,-0.616183328989669,-1.0,2.9943983120091096
-0.007955201202477058,0.6676518421792464,1.0,0.5574460456881358,-0.47910434276275693,-0.7892579472200646,0.25239402205563466
-0.49937481591594435,-0.8871076699050442,-0.35685879599932524,-1.0,0.698442914476431,-1.0,5.851398091100927
-0.767126992813016,-0.5053107844351754,-0.2539701561842349,-0.1513188074144347,-1.0,-0.8020443686249072,-1.0000285067621437
-0.6685227057126342,-0.21240175253812527,0.7699171628410191,1.0,0.6627832440496064,1.0,2.0709126395997277
0.951989338331646,1.0,0.7325297331299199,0.5536561777130797,0.4922340540242954,-0.608914280552776,-2.3500725193332435
1.0,0.07495648004666627,0.2247448661579839,-1.0,1.0,0.1703983063165102,-1.136318174583773
-1.0,-1.0,-0.06063608720775848,-0.7979443120196519,0.30248586496359553,-1.0,6.612224297629517
-1.0,-1.0,-0.34910216638533687,-1.0,-1.0,-0.11974169198223025,1.8683692733018935
-1.0,-0.7288537527516099,0.3148722727587663,-0.6963296267166794,-0.7058815459420451,-0.2825247817202643,-0.2111365804065835
-0.6742452443041056,-1.0,-0.5790457028793081,-0.31099476972123824,0.07430395439407173,-0.6395594851515669,1.2524528428511785
-0.8740119597112994,-1.0,-0.3660409675352596,-1.0,0.15145772489259024,-0.7793069198219693,1.495155952685419
-0.9463838636388855,0.2667450680555387,-0.03688810318879354,-1.0,-1.0,-0.10032635902935283,-0.5062152267307976
-0.22279661996939917,0.4734604759162615,-1.0,-1.0,-1.0,-0.10065828254157905,-0.3923784731750642
-1.0,-0.6062147768456503,-1.0,-0.715431407658712,-1.0,-0.46814482205770114,-2.0086486026476473
-1.0,-0.09095830519772402,0.20576488423026273,-0.9319717722581784,-0.37248000260726527,0.10945511320366652,-0.7352175527581586
-1.0,-1.0,-0.42510543207733886,-1.0,0.3495483402997658,-1.0,4.709472614617852
-1.0,-1.0,-1.0,-0.24660257595628843,0.6185586715643165,-0.6649743890337624,-1.517745303418637
-0.33568906913827956,0.21705363752439233,1.0,0.18897282965252404,-1.0,-1.0,-0.664336352911036
0.05407771626456115,-0.38062779868078656,-1.0,1.0,-0.13341453997807684,-0.7514170715143995,0.4361903450369833
-1.0,0.25235515949860277,-0.5351757127375247,0.688338396555229,0.15397000724756915,0.6776682982117268,0.11122427748902153
0.4143007985899736,0.7824124126969761,-0.2780882136824927,-0.3596986391617454,-1.0,-1.0,1.929852447094246
1.0,0.18427970642100377,-0.07684639117560321,-0.7687605156926154,-0.5437977501670678,-1.0,6.0772157102912265
-0.8297350023115262,0.873475453636839,0.09462871342319817,-1.0,1.0,-0.9980887411391167,3.5557868108692015
-1.0,0.3939205930684793,0.7976307847224355,-1.0,1.0,-0.1713317761016411,0.5238349080704161
-0.08512921224279368,1.0,0.059995991801543025,1.0,0.2707028004019762,0.46272886383848627,-1.9119875581853978
1.0,0.5954084141437059,1.0,-0.3255522550841278,-1.0,-1.0,4.897468770947028
-0.04832254482193232,-1.0,-0.01208367758172435,-0.054977072809310634,0.7378774467137854,-0.7510990080437226,1.9537954300927503
-1.0,0.23440809810199248,-0.304519900486278,-0.3310139382047477,-1.0,-1.0,-2.295097224337004
-0.5145364804992013,-0.9005723167629966,0.10987729183191353,-0.11868805668478288,-0.3882384530765587,1.0,1.1376269083558626
0.4375934174634899,0.5355179651264608,-0.6870902729965077,1.0,1.0,-0.9361976639267064,-1.738064634652231
-0.47950942683730297,0.8848932915358723,1.0,1.0,-0.46471525373859623,-0.7424723885007926,-0.23336568748209569
1.0,0.8770890996319085,0.21423060512681047,0.30358043689558945,-0.9727024644104356,-0.6142210326638996,4.071068203895763
-1.0,-0.9183965744517317,0.01244376343433179,0.028261444200142427,-1.0,0.09115904504699746,-2.423966421743626
-0.5210765693490651,0.08723936743621791,-1.0,-1.0,0.9534635657551351,-0.7243566812790423,1.815852423613997
-0.16250768239073454,-1.0,-0.11887950292463967,-0.02571722028106005,-1.0,-0.8534749418929859,2.672806645211306
0.22155912195429284,-1.0,-0.5682712662860587,-0.35579874697598274,0.38561128932770095,0.19808021739537385,-1.4207482190319953
0.8553720036748694,0.7588665216238237,-0.3742330374553886,0.08130919915082224,-0.3054409085982849,0.5732741740101761,2.6230295595274398
-0.591800386012312,1.0,0.9587698945499137,0.556047331103406,0.9987990488717882,0.2443686859544526,-3.9151848623557157
-0.049948088537310364,-1.0,-1.0,-0.3158602124105985,-1.0,-0.2542286147479672,-2.2984683151822036
0.699210872204759,0.7139847175703763,1.0,0.5984859591526625,-1.0,0.3058901879773389,1.5557555012112545
0.5640190227775108,1.0,0.967470712072569,1.0,-0.09949521822314542,-0.0972942545352909,-2.0622526197374462
-0.5268343354264777,0.4403553670804209,0.6843672922252519,0.8980489735827454,-0.6541493398896878,-0.36757088346328604,-0.737160939148408
-1.0,-0.3591051102421018,-1.0,-1.0,-0.09997449522507285,-0.3035170994193803,-1.5055395560542597
1.0,0.8760870939114181,1.0,0.7056012903040056,0.48242859282383055,-0.83683397483819,-1.4557481339678704
-0.6857854353046808,-0.4541696440909061,-0.41834747173656095,-0.013505737536789075,-0.6539989567802547,-0.40828682351446566,-0.7473384959584124
0.3593278493930704,-0.23621533852135373,0.04711036821833503,1.0,1.0,0.15691579838770625,0.3034937539808291
-0.7999543742553237,0.5852933390464005,-0.48105831236517904,-0.3552146347022709,-1.0,-1.0,-1.6722212236148377
0.3036033224320337,0.08056084239228234,-1.0,-1.0,-1.0,-0.5660065750824488,-0.04768104160166786
0.7080203442565659,1.0,-0.23992312896555165,0.8519919749057168,0.6264495449585148,0.6389079661995041,1.2741291949137588
0.5270382695160529,1.0,1.0,0.10397672284028214,0.1257056786259524,-0.5815919879054869,-2.1842959813823297
-1.0,-0.47587241048759,-1.0,-0.3659331776449315,0.0488991625728139,-1.0,6.209009293509014
-0.6099881520911588,-0.7964055542189052,0.7027439780287841,0.4683481878549321,-1.0,-0.033345122857512344,-0.9376846505508809
-1.0,-0.0970281973814886,-1.0,-0.8095156438560436,0.7292611580329368,1.0,7.141779511251295
-0.26227545913820394,-0.45465760076352263,0.31608676321911955,-0.45365480479272247,0.13503740908820883,0.10940151253101166,-0.42335590477720403
0.26591575004966794,0.44710025025825606,0.6867772183910376,0.9546864110578928,-0.687551723452567,0.3013767212879851,-0.20139513010180418
0.8104271782134981,1.0,-0.1742826558030241,0.4335408237634526,-1.0,-0.6645851925979713,4.498797745679388
0.39926336315636707,-0.7522314045070734,0.8076054877658698,-1.0,-1.0,0.5626483190839624,3.78966932501371
-0.43317017475499453,-1.0,-1.0,-0.2643380533336187,-0.9646110113866209,-0.7669949452447908,-0.6403059672783324
-0.1188677120415389,-0.2117025693618676,-0.48641765582957425,0.28930618095769023,-0.018710942129362806,-0.5318676064042258,0.6321058303359028
0.22312976367201198,-0.05490683135909405,0.6139419810056527,-0.49444908033906043,-0.7133524588660487,0.5238811988870156,0.19870653304889144
-1.0,-0.8372081009298451,0.08608234095851297,0.6187934660101067,1.0,0.08409017232912741,2.1203693039967737
-1.0,0.5673017483469452,-0.4885304858399142,0.5955850850924093,1.0,-0.14445461918486402,3.3061788637333898
-0.23555144207828688,1.0,0.3991960804942365,0.4066620700856889,-0.39575602402008897,-0.5572839961789062,-0.46339026221591584
-1.0,-0.2912154380938343,-1.0,-0.3372641015199256,0.17606226746894443,-0.15614429712496952,-1.5918248227485097
0.6091810549134582,0.931295893751738,0.023344862061957516,0.9538597605685422,-0.3461305591942524,-0.21921306622685455,2.0751570507063306
0.9939221837811185,1.0,0.5177698287353594,1.0,0.2182172284903281,0.7450901615352061,-1.844860286685709
0.8610521586269118,0.6109050320770245,1.0,1.0,-0.44943281905661725,-1.0,5.0092489518815375
0.38210530946148547,-0.1555962333719625,-0.22540604661279495,0.6775208353521525,-0.6484725237845042,0.7922445134507115,2.7339463735785947
0.13415599811140771,-0.4296782623517793,0.3585966063573206,-0.1597889386052563,1.0,-0.17727435613846676,-0.7830910506130397
-1.0,-1.0,-1.0,-1.0,-1.0,-0.07318958368373962,-3.4791772655933224
-0.877368560107688,-0.15266115851503628,-1.0,-0.775956723001509,-0.8385826647074707,0.5522899633067966,-0.41599099868464295
-1.0,-1.0,0.3418464868155703,0.12752445853768818,0.7276257174847993,0.71638409622682,2.3123936240568503
-0.7163085161551778,0.24443236835564863,-0.9621238461549786,-1.0,-0.44629318394534917,-0.9359977894012997,1.2100688358694276
-0.5163680343699893,0.8474356825967693,-0.5820043544838087,-1.0,0.9393781317255567,1.0,11.121278288780648
-0.8931202268101046,-0.4729310792497792,-0.47562443004488897,-1.0,0.44839362939166105,-0.1041073944386528,-0.33385498247885886
0.44023498884829565,-0.448370746294304,-0.6024922634944523,-0.8043887717810071,0.6373556984329318,0.09642061289518211,-0.7923488216612475
-1.0,-0.19565209796242589,-1.0,-0.603213685655094,-0.3286146598846903,1.0,7.045427341900244
-0.10001130109747014,-0.2556246278393617,-1.0,-1.0,-1.0,-0.18482637001875069,-0.046525176049974644
0.5143983350925406,0.5986106076818165,0.31700781921132315,-0.7692693088136918,-0.243867468483141,-0.3635236078746469,1.2337358742925968
0.09683324259134896,-0.07955315462197232,-0.9921321805117186,-1.0,-1.0,-1.0,1.8322300905047466
-0.24896520835083963,-0.1636329642403488,0.7215750367152268,1.0,-0.30067445578634144,-1.0,1.8885710293014717
-0.4348196621639353,-1.0,-0.6543318485140032,-1.0,0.4095668840393666,0.43840897742097135,-3.1979653958993115
0.9748840886979546,1.0,0.05354297207307712,0.9951114096869991,0.5562323231534788,-1.0,2.7783712086384305
1.0,1.0,0.9525514925394147,0.8935470091074762,-0.32238598309532285,-1.0,6.137164944617192
0.3485292744656837,0.6650761711314908,0.15637271072590797,0.8769157124039157,-0.8405195076367671,-0.6151904957314807,2.148238521041417
1.0,0.48757177582136085,0.41086120136543663,1.0,0.6589307281244388,1.0,-0.16020437644525062
-1.0,-0.12994491116424955,-1.0,-0.813179698851641,-0.9463493133558459,0.2366732280307195,-2.1625008352147366
1.0,1.0,0.3390709076601699,0.020713288875364944,-0.5960973322888417,-0.30845793284958245,1.1264009281980687
-0.08140132645667264,-1.0,-1.0,-0.6442625590783846,0.6341982211423591,1.0,1.4746500775252334
0.15220150488283446,1.0,0.977782317482945,0.44953818674812396,0.2758593529125292,1.0,-3.533425358833646
-0.523470052680344,0.09311810993369862,0.5921155893222045,1.0,0.6222522603891126,0.7068353027708636,0.6122634290315128
0.025382645783435298,-0.44027597052751055,-1.0,0.09038777704438283,-0.06356206622368399,0.02395817869533806,-0.8431063099411695
0.538737434245657,-0.060111188892911005,0.6541310536893362,0.3432834193152234,1.0,1.0,-0.5495613943673047
0.04862710876746812,0.742950498570091,0.31795992616049956,0.3773249441416964,-1.0,0.5520187455818131,0.6595325659196332
-0.12108025804496814,-1.0,-0.7646793970229179,-0.2562831376952006,0.5109803930565736,-0.19971709789201417,-1.2972759618911405
0.010380974388371267,1.0,-0.05876343032768638,-0.33847275604065735,0.7666348867352079,0.8091001260024517,4.607596607419446
-0.5998232509794159,1.0,1.0,1.0,-0.19631968495798935,-0.1653576609047943,-4.213348482351793
-0.009914148157144365,0.5272959941344839,0.27004452781161314,0.1265085683949607,-0.6342742008169983,-0.5368663126397899,0.34797048584650625
0.023528163033083617,-0.38409282538097433,-0.786641606469539,0.4031769037174352,-0.9602216428116985,-0.6014855488989452,0.5527534386102577
1.0,0.783699107077511,1.0,0.14116980285592895,-0.6982699016872815,-1.0,4.111739892987564
0.571400836642314,1.0,1.0,0.460032893913944,0.39375319407544,1.0,-4.373855588748719
-0.7392915952882477,-0.5215604848668196,1.0,1.0,1.0,0.349936290945538,-1.355638165738701
0.23241655891614194,1.0,1.0,1.0,-0.3119435789136673,-1.0,1.53632696847616
0.10935653906100086,-0.02254460544698056,1.0,-1.0,0.8757363261204381,-0.7897640812154803,0.2689027085294783
-1.0,-1.0,0.855864064424267,-0.9439559346495844,-0.4170867217790053,-1.0,6.653592109931569
-0.006634871308295709,0.12644870269467878,-0.7462171921547658,0.27253356751734775,-0.8347004654389591,0.7733149921717503,2.9401618760094363
-0.0993881223119153,-1.0,-0.1772591025884305,-0.31937469061969703,-0.4701830713548657,-0.3212436263941061,0.09348209015029035
-0.37431562228272974,-1.0,-0.13635850268677197,-1.0,-0.6910395394781363,-1.0,6.042285806088397
1.0,1.0,1.0,0.6537418576899213,0.007046839604143193,-1.0,0.8588562905615548
0.5003032695257614,0.34198458727062997,-0.37162412749705265,1.0,-1.0,-1.0,5.092366541017178
0.06365736243363787,-0.2320407113894588,-0.8625993346501928,0.12677669926683144,-0.7115983520982883,-0.29793214090550507,-1.061800248964539
0.38548769196590404,0.8697498427606247,1.0,-0.1606811679822331,-0.019760464997748958,-0.24283829616647754,-0.6913712877928692
-0.7176447487856463,-0.37046944709225094,-1.0,-1.0,0.05879358266307366,-0.5080402610319628,-1.0939384224781314
1.0,-0.3151156932341359,-0.5701174790788112,0.3096313743034037,-0.04600877911950518,-1.0,4.373343663208292
0.43865356355750384,0.9792591175759573,0.03439495241279822,-0.5767829517895634,-0.1516049439854119,1.0,5.959090641735827
-1.0,-1.0,-1.0,-0.13913398539041943,0.09051713457139998,1.0,1.9720950572347045
-1.0,-0.03553870646427959,-1.0,-1.0,-0.23156672539999285,0.4911123675906496,-1.116411656923562
-0.012390891936581938,-0.39680250124395716,-1.0,0.7570447812119963,0.4334465768759842,-0.24273520134201476,-1.248907796606774
0.38732013501145274,-1.0,-1.0,-0.4120309534986471,-0.8501321181353478,-0.08071057532292181,0.353892871842611
0.7776284434807981,-1.0,-0.7016596590158336,0.3779049667248221,-0.7418235886344617,-0.24837904157210583,0.01659644517549319
-0.15720646422253304,-0.43024190458813844,-0.5931976368499619,0.915404980272579,0.9541483859574406,-0.6949271662876839,-0.02023351619583036
0.583263947787229,1.0,1.0,1.0,-0.5881995859698896,0.1690989047048409,-0.9379716537244617
-0.22022397009861172,-0.7098489717763794,-1.0,-0.04708362036288016,-0.36424026714980196,-1.0,3.1691974224707904
0.1991735843035217,-1.0,1.0,0.16844734606953915,0.223851457800302,-0.4711283810670701,3.907229685421207
0.1040237480240287,-0.5317048628014256,-0.1929622789450799,1.0,-0.31373782772775427,-0.7135190078476348,0.3126010715870524
-0.22321037954734732,-0.8998838461355291,1.0,-0.5376464684832332,-0.6441228714770999,-0.33732184857497954,3.172000658711684
-0.9840536033631295,0.2934389708469887,0.567680311108992,-0.007960358791460398,0.9702430116520789,1.0,3.434497752752733
1.0,1.0,1.0,1.0,0.8233598645272728,-0.6248296903765415,-6.207231781069034
-1.0,-1.0,-0.7833337812238439,-0.812967895426858,0.5044870611205099,0.25718436816399026,-4.229523433738772
0.7173312502100571,0.9039321118761996,1.0,1.0,-0.7685732930072304,-0.5582246381048759,2.528842063065599
0.413052051834049,-0.8488388009337349,1.0,-0.17423979891826002,0.6952409614473475,0.7896792880944385,-2.771238632264258
0.04059385964208728,-1.0,-1.0,-0.9782798373263502,-1.0,-1.0,5.616188041967332
-1.0,-1.0,-0.9286115357622408,-0.5976068250307105,1.0,0.9104125813564343,0.7378981635482806
-0.2113582460666758,-0.8619955290298553,-0.4554524891288255,0.034625462784219296,-1.0,-0.6197343822485637,0.43401448793345015
-1.0,-0.7382417445627967,-0.549116800363068,-1.0,1.0,0.9054294642687709,2.1051137350937674
0.41823823366233776,0.4003360707056125,0.5559359659763509,0.6282137095816617,1.0,-0.2684672216589833,-0.6787812358599375
1.0,1.0,-0.6924709048554898,-0.3383913709960582,-0.30108390789730644,-0.283978022857706,3.1288005963319163
0.434811229990143,0.3020734301531546,-0.06124874294868771,-0.025268310355996304,-1.0,-0.22635391746016476,0.6011479194645732
0.4714803145393208,-0.47294815866841106,0.6868392195831596,-0.424573241837901,0.5600260950027898,1.0,-0.6169784174928752
1.0,1.0,0.7478494979360073,0.7084476255286322,0.024212370253976268,0.7378251428477556,-2.017412671032197
-1.0,0.21528103274551824,0.6091145135570883,-0.10524636971669359,-0.8423046450486229,-0.3823724850856038,-1.7732943806134138
0.8274551133541177,1.0,0.31907921014495644,0.9093915769537502,0.9926602619833277,0.9995850437675733,-0.22947706211441105
-1.0,-0.016608945582549967,-0.32971465209828454,-0.8130343978291981,1.0,1.0,6.5721440947057665
1.0,-0.4338274349537724,0.14700041576154932,-0.5798649978748489,-0.07093394698576305,-1.0,6.436907476706223
-1.0,-0.9545661181958821,-0.3452115073700859,0.25505178831593356,1.0,0.22200377995778542,0.6433075632262641
0.9381006072689191,1.0,0.6557213125753791,1.0,-0.4097587012913988,-0.20214184164993743,1.968521931443908
0.9050778828096346,0.3723039643316851,0.7873883267754818,0.851975865919023,0.40779439207460166,-1.0,1.5737475925916355
-1.0,-1.0,-1.0,-0.33529405505912524,0.7110304511526104,0.28658895117983907,-4.127601838666873
-0.3999240657335569,0.1754843317779612,0.09120321579032634,0.7723389399208725,-0.3490121711806289,-0.9282110143979245,2.2604208068274207
-1.0,0.737322827929053,0.3777242156842592,1.0,0.5818366361238277,-0.2027393813905396,0.8337808729724093
-0.9646723716736074,0.28429300523660683,0.17122231505640073,0.4972604678959704,1.0,1.0,6.2802100095905224
-1.0,-0.1479154174207099,0.4836276578342387,-1.0,-0.32754880174088863,-1.0,2.5151352621155296
0.2896797185352813,0.9053093009209421,0.18428099863307712,-0.04721224978509331,-0.07920702319625783,-0.17805931593258695,-0.35401379138903316
-0.057220045627279434,0.6541125175973682,-0.9617304847752735,-0.05101444603791366,-0.7702487264631179,1.0,7.54769576935836
-0.6714276408697565,-0.7146864056335043,-0.9377532461769782,-0.040438861183065236,-0.26114654016111344,1.0,4.931289514529589
-0.6591918613895058,-0.06851347587235967,-1.0,-0.6995514850597866,-0.17392337872491592,-0.7115059609304901,1.44895478885081
-0.6062011043658231,-0.2940800669599599,-1.0,-0.7435408636380019,-0.1917789840910108,1.0,5.319982487045318
-0.6821219721153896,0.7819330735726943,-0.40733598510701974,-1.0,-0.9396259016219077,-1.0,-0.4864531464789065
0.03920420169944849,0.415666014175309,0.35053357906596005,1.0,-0.08900131767867964,0.488230463166599,-0.19385592433826918
1.0,0.322359465805651,0.9684798432649242,0.010287173721054726,-0.34078629164985436,-0.6932560171440547,3.7002542726118413
-0.08909188149677225,0.5612716876558252,0.8581591377645177,1.0,-0.4391060540454439,-0.16353343658825203,-0.7615170169506802
0.7611378979874408,-0.9448018403786465,-0.37388567389039207,-0.479533008245959,-1.0,-1.0,7.073331093939966
0.06758209101565166,-0.1920888713309749,-0.0909932535776344,0.4032811659775787,0.13545006051411657,-0.8043232116537273,1.8397976085514307
-0.13522127996117506,0.5397742747751555,0.6526515585656242,0.6118992756309364,0.08611189198611546,0.5192588714967219,0.023087431850393525
-0.5752745618698456,-0.6295922134680908,0.8217354237698206,0.14733693665881953,-0.15217419604833576,-1.0,5.367999217366606
1.0,0.8386423079503429,1.0,1.0,0.496602354734886,-0.03829562936601205,-3.7744428496457365
-1.0,0.4057454357585808,0.012091661178314506,1.0,-1.0,-0.7005132509079333,-0.9005104589182605
-0.6237453176770003,0.5919572577476622,0.19131707927055425,1.0,-0.38335106243363226,-1.0,1.9887675638202318
-0.8887011785698026,0.1987700052936907,-0.35304034439665066,-0.7096846954604066,-1.0,-0.02355963115794313,-1.512638029807857
-0.3054705132246591,-0.24229318203333633,-0.22431951206611622,0.09949444540751173,0.21649198086135318,-0.5956512326556491,0.5532001811846716
-1.0,0.16535658282149568,-0.943575426670405,0.315945485977949,0.3143663987134696,0.25734514389348706,0.033000825488597285
-1.0,-0.1896730517792029,-0.18922979992251976,-0.24367669160016603,-1.0,0.5715948996250838,-2.2191962468256325
0.3397336768197222,0.18771746209757578,0.37801842760285687,0.19554632205594713,-1.0,-0.9640798345274817,3.494497339405135
-1.0,0.7104384521248555,-1.0,-0.9546977321163241,1.0,1.0,12.105609994279297
0.5465600443635432,1.0,-0.4312604445026693,-0.3775809659548731,1.0,0.7148157504625356,4.280903656270065
0.7082536464632821,0.028372011505666345,-0.6114068678952378,-1.0,-0.9838017279374551,0.3367201458039537,4.355388970887375
-0.30891568642811795,0.6415055915612105,-0.22582292489523703,0.09102000401736329,-0.09918017063086876,-1.0,1.8794297015987407
0.9807309446859928,-0.4810834072600182,-0.5552706332320417,0.43511232638700925,-0.20461149926606859,-0.07572888712204806,0.474971743125602
-0.2962779659286464,-1.0,-1.0,-0.5198331388744588,0.9629034754917885,0.9646426912520472,0.7777100337141106
-1.0,-0.9458061588653499,-1.0,-0.6783402519891331,0.42811691716144806,-1.0,4.772714161650352
-0.37704478432509697,-0.7553962283921886,0.21185201575769086,-0.5090194256962215,-0.2788390836164355,0.12725221347074578,-0.1927358203123946
0.6647502558217795,-0.04768474260396388,0.17113544333556036,0.2429350052316473,0.9423607706488295,0.978666217592704,1.5690672264546675
1.0,1.0,0.3537674346346047,0.8014193460089114,-1.0,-1.0,9.551796638310885
0.9186401553998866,0.6866612655640494,0.01584292014169497,-0.11704614781470335,1.0,1.0,1.7880988432310803
-0.2365169578336882,0.2142830969648235,0.26218953339737394,0.3342936079349266,-0.46133754914129455,-0.2257829512488061,0.24074902126957842
-0.4228180942160684,-0.44453421844215013,-0.2565211373608459,0.6439090520368835,0.36186907325916867,0.5051688655176227,1.1167231829996913
1.0,1.0,0.9286958712142095,1.0,-0.062538074802339,0.47609018721498475,-3.616363805996418
1.0,-0.12189558761940034,1.0,-0.8470327789942174,0.6750243789859214,-0.3837426313039639,-1.526085662568634
-1.0,-0.4801581994668189,-0.10519585657237557,-1.0,-0.07686570809365545,-0.3536440699080434,-0.25585286878996083
-0.39701442776975426,-1.0,-0.0064661142141507755,-0.11239732149265635,0.30870468845859367,-0.09970231393562837,1.109159215724515
1.0,0.6059848319177474,1.0,1.0,-0.8749371910616983,0.28519854791088206,2.6638460078949056
-0.004592591795127388,-1.0,-0.7489988820335788,-1.0,0.9739935789971391,0.9401929911966267,-2.5820459875000843
-0.9397779923529889,-0.3246684185664631,-0.5361315637739092,-0.6742451730882015,0.42304745223941587,1.0,3.520136377491387
0.9719967953141699,0.05592458719980975,0.1792067175644826,0.881126803851235,-0.979149965780068,1.0,6.753985045085489
1.0,-0.06826635375246842,0.8193787346073358,-0.14637744594740215,-0.13016946497357873,1.0,-0.3242905243321051
-1.0,-0.1289365946806369,0.024003685292844468,-1.0,1.0,0.17094247612620822,5.3809303800277615
-0.1987761677910681,-0.9073525514696872,0.5163521278547814,-0.81531315277581,-1.0,-1.0,7.071375888312052
-0.7909553951780204,-0.3365216961058475,-0.8701195221763374,-1.0,-1.0,-0.37607215062138105,-1.5830367113281483
-0.5273070221017309,-0.20773322496395186,0.2713276222841983,0.7677055003293108,-0.7342012674962841,0.6150876098719982,-0.35017240952077144
-0.1607529940420927,0.37045899205198984,-0.18297786957937123,-0.4582019348950983,-0.05589676043920644,0.04856986173166924,0.059473539201647795
-0.7328114232360717,-0.31043365037249787,0.05318623654175114,0.07901570654569756,0.9566495917199417,-0.8833513468143637,3.937357829794422
-1.0,-0.4389591058513754,-0.8850947908762247,-1.0,-0.22553052527535994,-0.5168251925231564,-1.4450770374676323
0.6155154664152565,-0.8886942787561138,0.5402736532109276,0.2964449935242737,-0.9826477897879207,0.4955444014095559,4.641003338672454
-0.5326369104343388,1.0,-0.2979283826235878,0.7863152935567795,-0.8009486405952261,-0.18470244178096185,0.5758431147144939
0.6953066531600164,-0.07601785124092686,0.1610487878270529,-0.7535451462723037,0.2891408194985077,1.0,0.9592787786394582
-1.0,-1.0,-0.6045684112651862,-1.0,1.0,1.0,0.42731476904367877
-0.34610689751926327,-1.0,0.8112394920283811,-0.05669425678509299,-1.0,-0.48384893751405933,3.7552411074790433
-0.3847383886808411,-1.0,0.4351400045566261,-0.01740433706116329,-0.13144733030291023,1.0,0.6805938386818413
-0.6507789042415983,-1.0,0.5273508221022558,-0.1620539164593887,-0.1300392600807776,-1.0,5.422749904876333
-0.644194302328692,-0.6842916202273337,-0.3252129810404245,-0.8192135186925062,0.9400010072970585,0.13591464703591827,0.9538226237390234
0.9592403480733684,0.4511191842838733,0.39163688034288513,0.41575517544461627,-0.1733944486576126,0.7134321051007468,0.16552966014459103
0.5888094345830459,0.8035520132523195,1.0,1.0,0.1534789348428845,0.021485034935672,-2.6415904843200906
-0.34659872669870884,0.01214850079438693,-0.2104004743318867,-0.3718778646891202,0.3363922072882435,-0.60644539333138,1.9765080166259537
-0.7690954175214021,0.2660788216412218,0.00292852016986489,-1.0,0.8366188015468832,0.37911692132343533,3.555334175445807
-0.3845190917597844,0.6365648386681291,0.3290228713683186,-0.23267598306678305,1.0,1.0,4.369285309534706
1.0,1.0,0.24558465540640717,1.0,0.3471625581555488,0.7278671242938368,-1.0771003556172918
0.32375883017873475,1.0,-0.3613531427779329,-1.0,0.649958083343465,0.38283289724502273,2.5841027958816603
-0.383302922207464,-0.36103373378940207,-0.5756966492057625,-1.0,-1.0,-0.8463554810618266,2.2156565661594825
-0.37116755890800923,-0.5748832245698565,-1.0,-1.0,0.07887501140518383,-0.6600736534633322,-0.41772664741223275
0.2601696916838905,0.09580808530520768,1.0,0.7839966487038774,0.6555275868935355,-1.0,0.23481454110553296
-1.0,0.18165774837371726,-0.40415014235579394,-0.1696446319060889,-1.0,0.5331088472991685,-1.5164990292172813
-1.0,-0.5190217869902503,-0.011053106475171992,-1.0,-0.6174718876724554,-1.0,3.425798114857235
-1.0,-0.990993449475793,-0.6504292998130994,-1.0,1.0,-0.35119447594159114,-0.509025808501287
-0.46021739019393115,-0.3006222747555508,1.0,-0.08323766834038387,-0.15071452386740325,-1.0,2.8180075207059794
0.30140111611550047,0.35045568550199324,0.16443928491552467,-1.0,0.40339201332015984,0.9076124172550897,3.314361001463725
0.8146485224567752,0.13364108414124187,0.4461541474214046,0.626763953194053,0.12946681607290378,1.0,0.8649880697604886
-0.42651313228909626,-1.0,0.367704849372239,-1.0,-1.0,0.5946624288628073,3.490662161082676
-0.4684044263132974,-1.0,-1.0,-1.0,-0.29948477108640226,0.7063877413847265,-2.8705444994036817
-0.1157156552574452,-1.0,-0.9983848459336313,0.8093370266283545,1.0,-0.9110665065430312,-2.9253280162724873
0.557602673110425,0.7031723861472733,1.0,0.870315473388541,0.41725024488474943,0.4992270669341279,-4.74899742104583
-0.3950364093599199,-0.33626121729292213,-0.9744196275717725,0.03720462401109648,-0.3012893636118954,-0.4840032006354458,-0.1460507074303811
0.4407582449674746,1.0,1.0,-1.0,1.0,1.0,0.9276859782238575
-0.45730375328208517,-0.6194538649283622,0.11069358709502308,-0.2748157562193285,0.026555160583883214,-0.6964989621026232,2.594405079870081
1.0,0.8208110165801084,1.0,-0.29522818706733667,0.2417087409409217,0.8125986348270042,-2.187431014570806
1.0,0.48575341866329225,1.0,0.9180078367502366,0.4224467392349366,-0.2162671447520795,-1.8367118919426946
-0.2697445221212986,-0.5816092826258165,-1.0,-0.21152821037990438,0.18391667137533318,-1.0,4.330966888278691
1.0,-0.3020399091599129,0.44225858915899735,1.0,-0.09802205714469547,-0.585290638963353,2.4707480682129406
1.0,-0.9590015866217567,0.9176334431810844,0.7675233887478815,-1.0,-0.6077938459125906,11.801986146992716
0.155679326113362,-1.0,0.5221645998408914,-0.28102859814731124,-0.02577914648589963,-0.9606279287883648,6.262291883974232
-1.0,0.37213772370359477,1.0,-0.287210865603195,-0.41598652876769515,-1.0,0.8678592730319935
-1.0,-1.0,-0.8041441847442896,-1.0,0.365760485968196,-0.39476976465464153,-3.931016619776819
1.0,0.9790797594568028,1.0,0.3913434415103949,1.0,0.9385512516451677,-7.730735264410089
-0.3718873488007002,0.0371225599229289,-1.0,-0.13265705411763495,-0.5930940249395686,-1.0,2.8945819892133127
1.0,-0.2516900254020875,0.4788384853438702,-0.5162169990137008,0.36318659623141314,1.0,-1.7064246310731441
-0.32610110682884985,0.6817134017474973,-0.16377037908798409,-1.0,-0.9765178158868948,-1.0,-0.07244420769502558
-0.1673581674597615,1.0,-0.4605394013871815,0.2100014449278409,0.4616634284902974,0.20619027195564033,1.7438195303325417
-1.0,-1.0,-0.39493126772793063,-1.0,0.6559435113445463,0.08485982078231957,-1.3552883689070623
1.0,0.2423267232754729,1.0,0.21345646349831915,-0.6635373828782716,-1.0,6.200381743731795
-0.5644583787832808,-0.5526071729045019,-1.0,-1.0,-0.03019972534969123,1.0,3.450601617837204
-0.6288335619278796,1.0,-0.8081502688238782,1.0,1.0,0.7461617629175004,4.642815549073945
1.0,-0.62086202076051,0.6222941218599245,-0.2931486891463738,-1.0,-0.08761971180135897,5.627776530264557
0.2928244761172222,0.5433558979745718,1.0,1.0,-0.38573612886347863,1.0,-2.4597628071247994
-1.0,-1.0,0.23149576301054853,0.45814940582704894,1.0,0.1690176097068934,2.9259646020469567
-0.5962754998564603,-0.2622775818618005,-1.0,-6.377769642829101e-05,1.0,1.0,8.897997800097013
-1.0,0.15499910031693703,-1.0,-0.20620373629111866,0.703488726848511,-0.2527962529003013,0.638082053740731
0.3988976029694947,-0.049318654559849795,-0.3039018259391219,-0.21492319253731917,-0.20853787470691487,0.4057390701388991,0.34314975931624736
-0.284486325629867,-1.0,-0.6840985203643984,-0.20204761488906836,0.5026071927027644,-0.8518885866730621,0.8581860609862358
0.6664170571434844,-0.23861060537690676,0.9481818671057909,1.0,-0.4860098843122004,0.3053811810457687,-0.05299866441833895
0.678954758404035,-0.23926151506556692,1.0,-0.9280960023732957,-0.6890676567560347,0.28208104660889455,0.9512340380548079
-0.9302188249805541,-1.0,-1.0,-0.026509726114588128,-0.7212063699186644,-1.0,0.7534190927364632
1.0,0.1161218085218886,-0.17074074405512218,0.5128034486732678,1.0,1.0,0.44054570925576686
0.38209673275873185,0.03260820959128741,0.4325225642444386,-1.0,0.06867340726724314,0.3789791255798298,-0.15970158172325397
-0.8532760419317399,0.14035109149029745,-0.23120241868140723,-1.0,1.0,0.7423294786159054,5.525318172056785
0.45635970689186556,-0.2304197002398941,-1.0,-0.20577520843748542,-0.3417387972622903,-1.0,2.8656015608055734
0.5754763942483496,-0.6274909093244224,-0.9169039708184344,-0.8466974228040359,0.5528988488378533,-0.7822002656253948,0.3710424311645923
1.0,1.0,0.8125870672940501,-0.19281145002253686,-0.2721293068576803,-0.8090010083209958,1.692011687153368
0.7875919097840579,0.6049958361863748,-0.2213477629905807,0.4493341416117371,0.9678457776840768,0.2968934936605432,-0.9593023070611282
1.0,1.0,0.1270817000190262,1.0,-0.7790034281660588,0.8915071112800507,6.582362573266001
-0.588089531454809,0.6840888876901353,-0.32072370897025304,-1.0,-1.0,-0.413654565236634,-0.2941418843894068
-0.11642758117892885,-1.0,-0.20203547660532314,-0.7879053904405395,1.0,0.17968787502464556,-0.48674150517369275
-0.5753574230567222,-1.0,0.733443305386769,-1.0,1.0,1.0,-0.9849617966793486
1.0,0.4792046082271204,0.11579138764649555,1.0,-0.3948663005636357,0.5827795613694995,1.1156276679717427
0.22642535023427313,-0.3605612718707053,-0.1427524640442786,0.006516499562908007,-0.40785839882652286,0.8445968824964964,2.0931694918664268
0.14468620504595375,-0.30255201554959454,0.2573425417818891,-0.30228681095517074,1.0,0.33099203429718177,-1.0465009887928596
0.31774446699433845,0.08248571434172325,-0.781871753429254,-0.6229337575253042,0.6215387086754649,0.1980138695115824,-1.0799000404756594
0.4472014197755112,0.28949140812095253,0.039183595816519534,0.896714023671443,-1.0,0.8591353368627452,3.906673950148634
-0.9124602240440631,-0.9079933864743992,-0.6709551856066782,-0.16047736499981624,1.0,-1.0,3.806044889841506
-1.0,-0.486750122423518,0.24984109139997035,-1.0,0.10966838269571028,0.4461086061336954,-1.1881734132443622
-1.0,-0.060049192677494756,0.14164513937891549,-0.14425551874900278,0.2802472912584887,-0.3674525190835442,2.028397747555936
0.8225107388856464,0.8658361996959671,-0.17777009913804787,-0.12436825530549117,0.06314343900094965,-1.0,2.763530392379661
1.0,-0.6764231951451527,-0.9648878829591975,0.645021560499801,0.6474241412178292,0.043179770560322184,-3.138456486472856
-0.0011139363131883462,-0.992593420872947,-1.0,-1.0,0.7965764611960442,0.6342341989627943,-4.198714670292894
0.2943202771864426,1.0,1.0,1.0,-0.2106958910292771,0.2997959536922393,-3.6425201590233725
-0.8022164692487614,-0.37632028140552354,0.1675026654333849,-0.36556499150981797,0.8895455414459186,1.0,3.7305959934856365
-0.3315331734332261,-1.0,-1.0,-0.35734507233459323,-0.7539906070519897,-0.8423238478917279,0.6116818233287522
0.8159085089889667,-1.0,-0.6407536902992653,0.43100595643694606,0.23678477924038382,-0.40590725653047777,-1.4472562188666627
0.3128082550543306,0.8496901080672459,0.028077398413613452,-0.6548386829731037,-0.188173432565656,-0.3110537126797821,0.11000053873258306
-0.35640276304190066,-0.17396410121558786,1.0,-1.0,0.7174364500873514,-0.5746179183369448,1.9338839921239652
-0.1179285649474624,-0.08698210015455787,-0.7831511361576042,-0.1274937442367411,-0.5626644023396837,1.0,5.257941885756939
0.35799341622191816,0.12244511481839049,-0.36738176200021594,1.0,0.6723335958808965,0.21503168266730555,-0.05686290151789819
1.0,1.0,1.0,0.5895612065276754,0.966684486327094,0.818342161234802,-7.788635802635641
-1.0,0.28744815917759226,-0.4784384468418864,0.472963740452213,0.2671998853918936,0.13702838311179089,0.7509470166321948
-1.0,-1.0,-0.17521792938168557,-1.0,1.0,1.0,2.1584776991391283
-1.0,-1.0,-1.0,-0.11895892858056367,1.0,-0.5455180892988212,-2.403138104719633
-0.7532616008511687,-0.7155005703770763,-0.42724575356296435,-0.6082683420598195,-1.0,-0.1956588182064366,0.17900258499534683
0.2221505000251704,1.0,0.2059507147667483,-0.8852370750271008,-0.5837160290950676,-0.5080612901769849,0.8509351141145152
-1.0,-0.10737316203329372,-0.5655704473651122,-0.7137833094642186,-0.26219587011746204,-0.85261827026999,2.285826660777052
-0.5400005433652912,-1.0,-0.2698964438854402,0.43335146186877527,1.0,0.3567868905800944,0.766920334880953
0.7444085160516165,-0.37265391230798633,-0.6101775081764356,-0.8278910311692346,-0.4904969257923634,-0.4381471976419026,2.552102531631518
0.7947099788183907,-0.18468687398530986,0.964832058602202,1.0,0.6217598811013205,1.0,-3.9285789981287267
0.6005242636283765,-1.0,-0.7049566868618995,0.8763101550193031,0.0032562975048122667,-1.0,0.2847621485726774
-0.6789120045236177,0.8473371534801732,0.5103939728584542,0.33209001841049224,0.4699324452899767,-0.1830983350476032,-0.5161211969320756
-0.8389494801786664,-0.22735874941633402,-1.0,-1.0,1.0,1.0,7.3185982807494945
-0.8138593165314252,0.5136400809188953,0.698050809247694,0.2897538099733398,0.6417301408576572,0.26307097909129884,0.4512102073446791
1.0,0.5475197845968616,0.36194585324964235,1.0,-0.06103843292360178,-0.7241002722683315,3.937069893206746
-1.0,-0.3020432088200559,-0.46798907139446,-0.36296706387279865,-0.12595946398891755,-0.15429438336700507,-0.90121203081503
0.18272742430114364,-0.015411895598675507,0.004796634656149323,1.0,-0.3088634142397617,-0.2927956801371904,-0.4459690570165896
-0.5194446493011465,-0.6410994419072713,0.7635568069979122,0.3431777603477727,-0.20039457677740424,0.2899226375506723,-0.128511540879999
1.0,1.0,0.2515750670532708,1.0,-1.0,-0.5617979831673777,7.051549062866123
0.43728221829514236,0.020599939210745682,0.6331034301176772,-1.0,1.0,0.8129223696629675,-0.22541820101221843
-1.0,-1.0,0.5020862765766104,-0.8570450189591462,1.0,-0.3518818727415032,5.9156785358094455
1.0,0.6937641200539832,1.0,0.18444456844401325,1.0,0.4160760187722422,-4.213492989362733
1.0,-0.3206457437385192,-0.780583602796374,1.0,-0.9407079296492703,-1.0,5.928353560534543
-1.0,-0.1461066171018876,-0.46552624404540777,0.3916103399907824,-0.9194470604315124,1.0,1.2214902891458066
-0.09332880223117007,1.0,0.944305303396436,0.9980703579078749,0.20955514450630267,-0.32122968591636814,-3.3672396742306034
0.49117234398767873,1.0,-0.44304728600128784,0.6441467362893216,0.5590654285853267,-0.23728259921357442,-0.14405233948479715
0.5736185664317319,0.08142567592169803,-0.1044217668584767,-0.8282276976319813,0.8069774809420996,0.8269339771446939,0.7687552676551207
-0.5968265399736117,-0.5009511107964856,1.0,-0.6006602688714577,-0.1341846717425444,1.0,-3.602211833129148
1.0,1.0,0.7232483224305758,1.0,-0.2339816419844316,0.8449710279354874,-0.2174643696771279
-0.858674488928715,-0.7399555720298958,-1.0,-0.5905261366575224,-0.8390426752359461,0.414821843539411,-1.9716186432257987
0.717903270288667,-0.14279519302017823,-0.6007671965070731,1.0,0.4705361569998032,1.0,3.1376530369084463
1.0,0.9142547457759684,0.598910351379428,1.0,0.011286488351038168,-0.33459372461380066,0.7613493639956777
-1.0,-1.0,-0.6696426733890115,-1.0,0.2571151300806239,0.2649828529434355,-4.780005574410959
-1.0,-0.39983421102892813,-0.21486006184816914,0.11582237392088968,-1.0,-1.0,-0.4066806609618185
-0.6438983717316216,-0.3957559727328126,0.10024327913516629,1.0,-0.15832212219018416,0.06276020159723629,-0.3573437222108686
1.0,1.0,1.0,1.0,1.0,1.0,-10.27940270547826
0.2866873273874128,-0.6527309061669956,-1.0,-0.2795995280953193,0.06598132931691414,-0.4284233616133285,0.43879495997258944
-0.7132148924921493,-1.0,-0.7556782030095357,-0.3572811573667012,0.7234507108152636,-0.2570154226434729,-0.7379203484331097
1.0,1.0,0.8655479713471816,1.0,-1.0,0.0867220013115507,3.539346600610952
0.7909668173985688,-1.0,-1.0,0.005378181861815157,-1.0,0.02362952550839409,2.050722522004624
-1.0,-0.9260231041620332,1.0,0.15236804741883006,0.41975149550823,1.0,-0.37979274816012265
-1.0,-0.9331837054581131,0.30987358110077245,-1.0,-0.8769405153355847,-1.0,6.1567936397630385
0.6231432064696625,1.0,0.41393295466073055,1.0,0.9706974304820657,-0.07656702505452637,-3.743291601554344
-1.0,-1.0,-1.0,-0.5146069204615431,1.0,-0.7790427794893737,-1.239539632040315
-1.0,-1.0,-0.32432046498890044,-1.0,0.6383632793661504,0.684266125574025,-2.2562846857285725
-0.4818616246067787,-1.0,-0.9612460686619988,-0.8086818155077126,0.10511904798657748,-0.38098819868717637,-2.9192875091731922
-1.0,-0.5734229492770411,0.516882573483401,-1.0,-0.07607607018562274,0.3133071165530638,-1.6837015197510008
0.9309483913679584,0.119281874717591,0.2718326978956196,1.0,-0.5370891206912548,0.3144679354987278,1.8081790424963637
-1.0,-0.7225260375061482,-0.709356941266472,-0.47256500666572854,1.0,-0.281504410011434,0.554030348754043
1.0,0.06255180003178396,0.742369968700948,1.0,0.2512961817513756,1.0,-1.5642408121017861
-1.0,-0.5567918248762895,-0.5350050933893762,0.20126334269017776,-0.4118533363336292,-1.0,2.0315566266131913
0.859383740313421,1.0,1.0,0.4453554023118822,1.0,-0.04379575236946298,-4.730552029356344
-0.9864429727061751,0.3456172375174583,0.18423957710657063,-0.8456477625880792,0.4193074166731583,1.0,2.861887929763915
-1.0,-1.0,-1.0,-0.241405408106391,-0.7688937666160072,-0.7597634448719184,-2.0427347414327848
-0.5615043442137193,-0.6305369963503968,-0.6711610351515036,-0.5268027285751928,0.6642254656348459,1.0,3.0806309908161134
0.5595189768648476,1.0,1.0,-0.8589287270746342,-0.006945211764781023,-1.0,-2.9169306305784644
1.0,1.0,0.16429932982930268,0.4333468926543662,1.0,0.4752729599621806,-2.459062369969763
-1.0,-0.6494951242925209,1.0,-0.5142177521683664,0.5893226598572363,0.24548873291315598,-0.9514459476192716
-0.9004039639186966,-1.0,-0.22872377466281146,-0.806038301272084,0.6993716261661579,0.35985295233266934,0.5462878593552296
1.0,0.3426502877380992,0.804719551467324,0.07551596737936817,1.0,0.9900715681706183,-3.5345959319708515
1.0,0.7669561701149359,0.544701838892736,1.0,-0.31916451328907414,-0.2717545715762671,3.8353071562203196
0.5108455753190525,-0.8797129931347257,-0.051221167450511806,0.1127546815051087,0.5378459045840536,0.7466737742550222,1.023633837185756
1.0,1.0,1.0,1.0,0.17774272948558067,1.0,-6.945722633653734
-1.0,-0.8373283613318718,-0.3415057356656409,-1.0,-0.8319129717343081,-0.059379985665189094,-0.044527183685830585
1.0,0.9730205012549127,0.4222538135046211,0.154126354729607,-1.0,-1.0,6.709434789119278
